SMILES,ID,Y
Oc1ccc(CCN2CCC(Nc3nc4ccccc4n3Cc3ccc(F)cc3)CC2)cc1,DEMETHYLASTEMIZOLE,1.0
Fc1ccc(C(OCC[NH+]2CC[NH+](CCCc3ccccc3)CC2)c2ccc(F)cc2)cc1,GBR-12909,1.0
CCCCCCC[N+](CC)(CC)CCCCc1ccc(Cl)cc1.CCCCCCC[N+](CC)(CC)CCCCc1ccc(Cl)cc1.CCCCCCC[N+](CC)(CC)CCCCc1ccc(Cl)cc1.O=P([O-])([O-])[O-],CLOFILIUM PHOSPHATE,1.0
O=C1NCN(c2ccccc2)C12CC[NH+](CCCC(c1ccc(F)cc1)c1ccc(F)cc1)CC2,FLUSPIRILENE,1.0
Fc1ccc(C(OCCN2CCN(CCCc3ccccc3)CC2)c2ccc(F)cc2)cc1,VANOXERINE HYDROCHLORIDE,1.0
CS(=O)(=O)Nc1ccc2c(c1)C(=O)CC1(CCN(CCc3ccc4nonc4c3)CC1)O2,L-691121,1.0
O=C1NCCN1CCN1CC=C(c2cn(-c3ccc(F)cc3)c3ccc(Cl)cc23)CC1,BMCL20031829_02,1.0
C[NH+](CCOc1ccc(NS(C)(=O)=O)cc1)CCc1ccc(NS(C)(=O)=O)cc1,DOFETILIDE,1.0
CN(C)Cc1cc2cc(Cl)ccc2n1-c1ccc(F)cc1,BMCL20031829_15,1.0
C[C@H]1O[C@@H](O[C@H]2[C@@H](O)C[C@H](O[C@H]3[C@@H](O)C[C@H](O[C@H]4CC[C@]5(C)[C@H]6CC[C@]7(C)[C@@H](C8=CC(=O)OC8)CC[C@]7(O)[C@@H]6CC[C@@H]5C4)O[C@@H]3C)O[C@@H]2C)C[C@H](O)[C@@H]1O,DIGITOXIN,1.0
COc1ccc(CC[NH+]2CCC(Nc3nc4ccccc4n3Cc3ccc(F)cc3)CC2)cc1,ASTEMIZOLE,1.0
C[NH+]1CCC[C@@H]1CCO[C@](C)(c1ccccc1)c1ccc(Cl)cc1,CLEMASTINE,1.0
CCCCCCC[N+](CC)(CC)CCCCc1ccc(Cl)cc1,CLOFILIUM,1.0
O=C1NCCN1CC[NH+]1CCC(c2cn(-c3ccc(F)cc3)c3ccc(Cl)cc23)CC1,SERTINDOLE,1.0
Cc1ccc(O)c([C@@H](CCN(C(C)C)C(C)C)c2ccccc2)c1,TOLTERODINE TARTRATE,1.0
CS(=O)(=O)Nc1ccc2c(c1)C(=O)CC1(CCN([C@@H]3CCc4cc(C#N)ccc4C3)CC1)O2,L-702958,1.0
C[C@@H]1O[C@@H](O[C@@H]2C[C@@H](O)[C@]3(CO)[C@H]4[C@@H](O)C[C@]5(C)[C@H](C6=CC(=O)OC6)CC[C@]5(O)[C@@H]4CC[C@@]3(O)C2)[C@H](O)[C@H](O)[C@H]1O,OUABAIN,1.0
Cc1cccc(C)c1NC(=O)C[NH+]1CC[NH+](CCCC(c2ccc(F)cc2)c2ccc(F)cc2)CC1,LIDOFLAZINE,1.0
O=C1N=c2ccccc2=[N+]1C1CC[NH+](CCCC(c2ccc(F)cc2)c2ccc(F)cc2)CC1,PIMOZIDE,1.0
c1ccc(-c2[nH]c3ccccc3c2C2C[C@@H]3CC[C@H](C2)N3c2ccccc2)cc1,WOMBAT07,1.0
COc1cc(N)c(Cl)cc1C(=O)N[C@@H]1CCN(CCCOc2ccc(F)cc2)C[C@@H]1OC,CISAPRIDE HYDRATE,1.0
O=C(CCC[NH+]1CCC(O)(c2ccc(Cl)cc2)CC1)c1ccc(F)cc1,HALOPERIDOL,1.0
COc1ccc(CC[NH+](C)CCCN(C(=O)c2ccc([N+](=O)[O-])cc2)c2ccc(OC)c(OC)c2)cc1OC,BRL-37872,1.0
CS(=O)(=O)Nc1ccc2c(c1)[C@H](O)CC1(CC[NH+]([C@@H]3CCc4cc(C#N)ccc4C3)CC1)O2,MK-499,1.0
O=C1NCCN1CCN1CCC([C@@H]2CN(c3ccc(F)cc3)c3ccccc32)CC1,BMCL20031829_13,1.0
N#Cc1ccc(Cn2cncc2C[NH+](CCCc2ccccc2)[C@@H]2CCN(Cc3cccc(Cl)c3)C2=O)cc1,WOMBAT59,1.0
CCCCCCC[NH+](CC)CCC[C@@H](O)c1ccc(NS(C)(=O)=O)cc1,IBUTILIDE,1.0
Fc1ccc(Cn2c(NC3CC[NH2+]CC3)nc3ccccc32)cc1,NORASTEMIZOLE,1.0
Clc1ccc(C(c2ccc(Cl)cc2)n2cc[n+](C[C@H](OCc3ccc(Cl)cc3Cl)c3ccc(Cl)cc3Cl)c2)cc1,BEKM-1,1.0
O=C(CCC[NH+]1CC=C([N+]2=c3ccccc3=NC2=O)CC1)c1ccc(F)cc1,DROPERIDOL,1.0
COC(=O)c1ccc(-n2cc(C3CCN(CCN4CCNC4=O)CC3)c3cc(Cl)ccc32)cc1,BMCL20031829_08,1.0
C[C@H]1O[C@@H](O[C@H]2[C@@H](O)C[C@H](O[C@H]3[C@@H](O)C[C@H](O[C@H]4CC[C@]5(C)[C@H]6C[C@@H](O)[C@]7(C)[C@@H](C8=CC(=O)OC8)CC[C@]7(O)[C@@H]6CC[C@@H]5C4)O[C@@H]3C)O[C@@H]2C)C[C@H](O)[C@@H]1O,DIGOXIN,1.0
CCCCc1oc2ccccc2c1C(=O)c1cc(I)c(OCCN(CC)CC)c(I)c1,AMIODARONE HYDROCHLORIDE,1.0
CCCCNCC[C@H](O)c1cc2c(Cl)cc(Cl)cc2c2cc(C(F)(F)F)ccc12,DESBUTYLHALOFANTRINE,1.0
CCCCNCCC(O)c1cc2c(Cl)cc(Cl)cc2c2cc(C(F)(F)F)ccc12,N-DESBUTYLHALOFANTRINE,1.0
c1ccc(-c2[nH]c3ccccc3c2C2CCN(c3ccccc3)CC2)cc1,WOMBAT06,1.0
O=C1NCCN1CCN1CCC(c2cn(-c3ccccc3)c3ccc(Cl)cc23)CC1,BMCL20031829_01,1.0
CSc1ccc2c(c1)N(CC[C@H]1CCCC[NH+]1C)c1ccccc1S2,THIORIDAZINE,1.0
O=C(c1ccc(F)cc1)C1CC[NH+](CCn2c(=O)[nH]c3ccccc3c2=O)CC1,KETANSERIN,1.0
Fc1ccc2c([C@@H]3C[NH2+]CC[C@@H]3F)c(-c3cccc4ccccc34)[nH]c2c1,WOMBAT33,1.0
CC(C)(C)OC(=O)NCCC[NH+](Cc1cncn1Cc1ccc(C#N)cc1)[C@@H]1CCN(Cc2cccc(Cl)c2)C1=O,WOMBAT60,1.0
CCC[NH+]1C[C@H](CSC)C[C@H]2c3cccc4c3[C@H](C=N4)C[C@H]21,PERGOLIDE,1.0
COc1ccc(CC[NH+](C)CCC[C@@](C#N)(c2ccc(OC)c(OC)c2)C(C)C)cc1OC,VERAPAMIL,1.0
CC1=NC2=[N+](CCC[C@H]2O)C(=O)[C@@H]1CC[NH+]1CCC(c2noc3cc(F)ccc23)CC1,9-HYDROXYRISPERIDONE,1.0
N#Cc1ccc(Cn2cncc2CC[NH2+][C@H]2CCN(c3ccccc3)C2=O)cc1,WOMBAT26,1.0
O=C1N=c2ccccc2=[N+]1CCC[NH+]1CCC([N+]2=c3ccc(Cl)cc3=NC2=O)CC1,DOMPERIDONE,1.0
Cc1cc2c(s1)Nc1ccccc1N=C2N1CC[NH+](C)CC1,OLANZAPINE,1.0
CC(C)(Cc1ccc2ccccc2c1)NC[C@@H](O)COc1cccc(Cl)c1C#N,NPS-2143,1.0
CCCC[NH+](Cc1cncn1Cc1ccc(C#N)cc1)[C@H]1CCN(Cc2ccccc2)C1=O,WOMBAT28,1.0
N#Cc1ccc(Cn2cncc2C[NH+](CC[NH+]2CCOCC2)[C@@H]2CCN(Cc3cccc(Cl)c3)C2=O)cc1,WOMBAT57,1.0
COc1cc(NS(C)(=O)=O)ccc1Nc1c2ccccc2nc2ccccc12,AMSACRINE,1.0
CC[NH+](CC)CCCN(c1ccccc1)C1Cc2ccccc2C1,APRINIDINE,1.0
CCOC(=O)C1(c2ccccc2)CCN(C)CC1,MEPERIDINE,1.0
COc1ccc(C2CCN(CC[C@H]3CCOc4ccccc43)CC2)cc1OC,TERIKALANT,1.0
C[NH+]1CCN(C2=Nc3cc(Cl)ccc3Nc3ccccc32)CC1,CLOZAPINE,1.0
CCN(CC)CCNC(=O)c1c(C)[nH]c(/C=C2\C(=O)Nc3ccc(F)cc32)c1C,SUNITINIB,1.0
c1ccc(C[NH+]2CCC[C@H](c3c(-c4ccccc4)[nH]c4ccccc34)C2)cc1,WOMBAT03,1.0
CC[NH+](CC)CCCN(CC(=O)N(C1CCCCC1)C1CCCCC1)C(=O)c1ccc([N+](=O)[O-])cc1,AWD_23-111,1.0
CN1[C@H](C[C@@H](O)c2ccccc2)CCC[C@@H]1CC(=O)c1ccccc1.CS(=O)(=O)Nc1ccc2c(c1)C(=O)CC1(CCN([C@@H]3CCc4cc(C#N)ccc4C3)CC1)O2,LOBELINE,1.0
O=c1[nH]c2ccccc2n1CCCN1CCN(C(c2ccccc2)c2ccccc2)CC1,OXATOMIDE,1.0
CN(C)CC[C@@H](c1ccc(Cl)cc1)c1ccccn1,CHLOROPHENIRAMINE,1.0
CCCS(=O)CCC[NH+](CC)C[C@@H](O)COc1ccc(C#N)cc1,ALMOKALANT,1.0
O=c1ccnc(NCC2CCN(c3nc4ccccc4n3Cc3ccc(F)cc3)CC2)[nH]1,2-[({1-[1-(4-Fluorobenzyl)-1H-benzimidazol-2-yl]-4-piperidinyl}methyl)amino]-4(3H)-pyrimidinone,1.0
CCC[NH2+]C[C@@H](O)COc1ccccc1C(=O)CCc1ccccc1,PROPAFENONE,1.0
N#Cc1ccc(Cn2cncc2C[NH2+][C@@H]2CCN(Cc3cccc(Cl)c3)C2=O)cc1,WOMBAT56,1.0
C[NH2+]CC[C@@H](Oc1ccc(C(F)(F)F)cc1)c1ccccc1,FLUOXETINE,1.0
C[C@H](CN(C)C)CN1c2ccccc2Sc2ccc(C#N)cc21,CYAMEMAZINE (RACEMATE),1.0
N#Cc1ccc(Cn2cncc2C[NH+](CCC[NH3+])[C@@H]2CCN(Cc3cccc(Cl)c3)C2=O)cc1,WOMBAT61,1.0
N=C1N[C@H]2[C@H](COC(N)=O)NC(=N)N3CCC(O)(O)[C@]23N1,SAXITOXIN,1.0
Fc1ccc2c([C@@H]3C[NH2+]CC[C@@H]3F)c(-c3ccc4ccccc4c3)[nH]c2c1,WOMBAT34,1.0
COc1ccccc1OCCNC[C@@H](O)COc1cccc2[nH]c3ccccc3c12,CARVEDILOL (RACEMATE),1.0
C[NH+]1[C@H]2CC[C@@H]1CC(OC(=O)[C@@H](CO)c1ccccc1)C2,ATROPINE,1.0
O=C(O)Cc1ccc(-n2cc(C3CCN(CCN4CCNC4=O)CC3)c3cc(Cl)ccc32)cc1,BMCL20031829_04,1.0
COc1cc2nc(N3CCN(C(=O)[C@H]4COc5ccccc5O4)CC3)nc(N)c2cc1OC,DOXAZOSIN,1.0
C[C@H](Cc1ccccc1)[NH2+]CCC(c1ccccc1)c1ccccc1,PRENYLAMINE,1.0
COc1cc(N)c(Cl)cc1C(=O)NC1CCN(Cc2ccccc2)CC1,CLEBOPRIDE,1.0
O=C1CCc2ccc(OCCCCN3CCN(c4cccc(Cl)c4Cl)CC3)cc2N1,ARIPIPRAZOLE,1.0
CN1CCN(CCCN(C(=O)Nc2ccc(F)c(C(F)(F)F)c2)[C@@H]2C[C@@H](c3ccc4c(c3)[C@H](N)NO4)[C@@H]3C[C@H]32)CC1,BMCL-16-2006-4265_26,1.0
C=C[C@H]1CN2CC[C@H]1C[C@@H]2[C@@H](O)c1ccnc2ccc(OC)cc12,(+)-QUINIDINE,1.0
[NH3+]CC[C@@H](O)c1cc2c(Cl)cc(Cl)cc2c2cc(C(F)(F)F)ccc12,N_DEMETHYLHALOFANTRINE,1.0
CNCC[C@H](Oc1ccc(C(F)(F)F)cc1)c1ccccc1,FLUOXETINE HYDROCHLORIDE,1.0
Cc1ccccc1[C@H](OCC[NH+](C)C)c1ccccc1,ORPHENADRINE,1.0
C[C@H](CN1c2ccccc2Sc2ccc(C#N)cc21)C[NH+](C)C,CYAMEMAZIN,1.0
C[C@@H](CN(C)C)CN1c2ccccc2Sc2ccc(C#N)cc21,CYAMEMAZINE,1.0
N#Cc1ccc(Cn2cncc2C[NH+](Cc2cccnc2)[C@H]2CCN(Cc3ccccc3)C2=O)cc1,WOMBAT27,1.0
CN(C)CC[C@H](c1ccc(Br)cc1)c1ccccn1,BROMPHENIRAMINE MALEATE,1.0
O=C(Nc1ccccc1)c1[nH]c2cc(F)ccc2c1[C@@H]1C[NH2+]CC[C@@H]1F,WOMBAT36,1.0
CC(C)(C)c1ccc(NC(=O)N2CCN(c3ncccc3Cl)CC2)cc1,BCTC,1.0
CCCCc1oc2ccc(NS(C)(=O)=O)cc2c1C(=O)c1ccc(OCCCN(CCCC)CCCC)cc1,DRONEDARONE,1.0
CN(C)CCCn1cc(C2=C(c3c[nH]c4ccccc34)C(=O)NC2=O)c2ccccc21,GF-109203X,1.0
COc1cccc([C@H](O)C2CCN(CCc3ccc(F)cc3)CC2)c1OC,MDL-100907,1.0
CC[C@H]1[C@H]2C[C@H]3[C@@H]4N(C)c5ccccc5[C@]45C[C@@H]([C@H]2[C@H]5O)N3[C@@H]1O,AJMALINE,1.0
O=C1CCC(c2ccc(Nc3ccncc3)cc2)=NN1,MCI-154,1.0
C=C[C@H]1C[NH+]2CC[C@H]1C[C@@H]2[C@@H](O)c1ccnc2ccc(OC)cc12,QUINIDINE,1.0
Cc1cccc(NC(=O)N[C@@H]2N=C(c3ccccc3)c3ccccc3N(C)C2=O)c1,L-365260,1.0
N#Cc1ccc(Cn2cncc2C[NH+](CC[NH+]2CC[NH2+]CC2)[C@@H]2CCN(Cc3cccc(Cl)c3)C2=O)cc1,WOMBAT58,1.0
CS(=O)(=O)CCNCc1ccc(-c2ccc3ncnc(Nc4ccc(OCc5cccc(F)c5)c(Cl)c4)c3c2)o1,LAPATINIB,1.0
CCN(CC)Cc1ccc2c(c1)CC[C@H](N1CCN(Cc3ccsc3)CC1=O)C2,AMINOMETHYL TETRAHYDRONAPHTHALENE KETOPIPERAZINE 2D,1.0
CCOC(=O)[C@@H]1[C@@H](OC(=O)c2ccccc2)C[C@@H]2CC[C@H]1[NH+]2C,COCAETHYLENE,1.0
Cc1nc2n(c(=O)c1CCN1CCC(c3noc4cc(F)ccc34)CC1)CCC[C@@H]2O,PALIPERIDONE,1.0
CCCN(CCC)CCc1cccc2c1CC(=O)N2.Cl,ROPINIROLE HYDROCHLORIDE,1.0
O=C1NC[C@@H](c2ccc(F)cc2)C12CCN(C1(c3ccc(F)cc3)CCCCC1)CC2,"(4R)-4-(4-FLUOROPHENYL)-8-[1-(4-FLUOROPHENYL)CYCLOHEXYL]-2,8-DIAZASPIRO[4.5]DECAN-1-ONE",1.0
CN(CCCN)C(=O)N1CC(c2cc(F)ccc2F)=C[C@H]1c1ccccc1,BMCL-16-2007-1777-15,1.0
C[NH2+]CCCN1c2ccccc2CCc2ccccc21,DESIPRAMINE,1.0
O=C1NC[C@@H](c2ccccc2)C12CCN([C@H]1CCCC[C@@H]1c1ccccc1)CC2,BMCL-16-2006-4313-27,1.0
O=C(NC1CCN(Cc2ccc3c(c2)OCO3)CC1)c1cc(=O)c2cc(Cl)c(Cl)cc2o1,JMC20066569-1,1.0
COCC(=O)O[C@@]1(CC[NH+](C)CCCc2nc3ccccc3[nH]2)CCc2cc(F)ccc2[C@@H]1C(C)C,MIBEFRADIL,1.0
Cn1c(NCCN(CCO)CCCc2ccc([N+](=O)[O-])cc2)cc(=O)n(C)c1=O,NIFEKALANT,1.0
C[NH+](C)CCCN1c2ccccc2Sc2ccc(Cl)cc21,CHLORPROMAZINE,1.0
CCC(CC)c1cn(-c2ccc(F)cc2)c2ccc(Cl)cc12,BMCL20031829_17,1.0
COc1cc2c(Nc3ccc(Br)cc3F)ncnc2cc1OCC1CCN(C(=O)CN(C)C)CC1,1-{4-[({4-[(4-BROMO-2-FLUOROPHENYL)AMINO]-6-METHOXYQUINAZOLIN-7-YL}OXY)METHYL]PIPERIDIN-1-YL}-2-(DIMETHYLAMINO)ETHANONE,1.0
CC(C)(C)[C@@H](N)C(=O)N1CC(c2cc(F)ccc2F)=C[C@H]1c1ccccc1,BMCL-16-2007-1777-20,1.0
Fc1ccc2c([C@@H]3C[NH2+]CC[C@H]3F)c(-c3ccsc3)[nH]c2c1,WOMBAT01,1.0
C[C@H](CC(c1ccccc1)c1ccccc1)[NH2+]C(C)(C)C,TERODILINE,1.0
COc1cc2nc(N3CCN(C(=O)c4ccco4)CC3)nc(N)c2cc1OC,PRAZOSIN,1.0
COc1cc2nc(N3CCN(C(=O)c4ccco4)CC3)[nH]c(=N)c2cc1OC,,1.0
Fc1ccc(C(c2ccc(F)cc2)N2CCNCC2)cc1,1-(BIS(4-FLUOROPHENYL)METHYL)PIPERAZINE,1.0
Fc1ccc(-c2[nH]c3cc(F)ccc3c2[C@@H]2C[NH2+]CC[C@@H]2F)cc1,WOMBAT40,1.0
Cc1ccc(-c2nc(NC(=O)CN3CCC(CN(C)C)CC3)cc(-n3nccc3C)n2)o1,2-AMINO-N-PYRIMIDIN-4-YLACETAMIDE-3,1.0
C(#Cc1cc(-c2n[nH]c3c2Cc2cc(Cn4cncn4)ccc2-3)cs1)COc1ccccc1,"1,4-DIHYDROINDENO[1,2-C]PYRAZOL_85",1.0
CCN(CC)Cc1ccc2c(c1)CC[C@H](N1CCN(CCc3cc(N)cc(C(F)(F)F)c3)CC1=O)C2,AMINOMETHYL TETRAHYDRONAPHTHALENE KETOPIPERAZINE 2B,1.0
O=C1NC[C@@H](c2ccccc2)C12CCN([C@H]1CCCC[C@@]1(O)C1CCC(F)CC1)CC2,BMCL-16-2006-4313-12c,1.0
CCC(=O)c1cn(-c2ccc(F)cc2)c2ccc(Cl)cc12,BMCL20031829_19,1.0
COc1cc2c(cc1OC)C(=O)[C@@H](CC1CC[NH+](Cc3ccccc3)CC1)C2,DONEPEZIL,1.0
O=C1CN(CCc2ccc(F)cc2)CCN1[C@H]1CCc2cc(CN3CCC(C(F)(F)F)CC3)ccc2C1,AMINOMETHYL TETRAHYDRONAPHTHALENE KETOPIPERAZINE 4A,1.0
CCOC(=O)C1=C(COCC[NH3+])NC(C)=C(C(=O)OC)[C@H]1c1ccccc1Cl,AMLODIPINE,1.0
COc1cc(N)c(Cl)cc1C(=O)N[C@H]1CC[NH+]2CCC[C@H]1C2,RENZAPRIDE,1.0
Clc1ccc(CO[C@@H](Cn2ccnc2)c2ccc(Cl)cc2Cl)c(Cl)c1,MICONAZOLE,1.0
F[C@H]1CC[NH2+]C[C@H]1c1c(-c2ccccc2)[nH]c2c(Cl)cccc12,WOMBAT55,1.0
CC[C@@H](OC(C)=O)C(C[C@@H](C)[NH+](C)C)(c1ccccc1)c1ccccc1,LAAM,1.0
CC(C)(CN)C(=O)N1CC(c2cc(F)ccc2F)=C[C@@H]1c1ccccc1,BMCL-16-2007-1777-16,1.0
Cc1nc2c([nH]1)CCN(C(=O)c1ccc(NC(=O)c3ccccc3-c3ccccc3)cc1)c1ccccc1-2,CONIVAPTAN,1.0
CCOC(=O)N1CCC(=C2c3ccc(Cl)cc3CCc3cccnc32)CC1,LORATADINE,1.0
NCC[C@H](Oc1ccc(C(F)(F)F)cc1)c1ccccc1,NORFLUOXETINE,1.0
CN1CCc2cccc3c2[C@H]1Cc1ccc(O)c(O)c1-3.Cl,APOMORPHINE HYDROCHLORIDE,1.0
CC(C)[C@@H](N)C(=O)N1CC(c2cc(F)ccc2F)=C[C@@H]1c1ccccc1,BMCL-16-2007-1777-17,1.0
CC[C@H](OC(C)=O)C(C[C@H](C)N(C)C)(c1ccccc1)c1ccccc1,L-ALPHA-ACETYLMETHADOL,1.0
CC[NH+](CC)CCC[C@@H](C)Nc1ccnc2cc(Cl)ccc12,CHLOROQUINE,1.0
O=C(NC1CCN(Cc2ccc3c(c2)OCO3)CC1)c1cc(=O)c2ccc(Br)cc2o1,JMC20066569-20,1.0
C1CCC2(C1)C1C[NH+](CC3CC3)CC2C[NH+](CC2CC2)C1,TEDISAMIL,1.0
Fc1ccc2c([C@@H]3C[NH2+]CC[C@@H]3F)c(C3=CNC=CC3)[nH]c2c1,WOMBAT38,1.0
COc1cc2c(cc1OC)[C@@H]1Cc3ccc(OC)c(OC)c3[C@@H](Cc3ccccc3)N1CC2,BTHP,1.0
O[C@@H](c1cc(C(F)(F)F)nc2c(C(F)(F)F)cccc12)[C@H]1CCCC[NH2+]1,MEFLOQUINE,1.0
COc1cc2c(cc1OC)[C@@H](Cc1ccc(Oc3cc(C[C@@H]4c5cc(OC)c(OC)cc5CCN4C)ccc3O)cc1)N(C)CC2,DAURICINE,1.0
O=c1n(CCCN2CCN(c3cccc(Cl)c3)CC2)nc2ccccn12,TRAZODONE,1.0
COc1ccc(CC[NH2+]CCC[C@@](C#N)(c2ccc(OC)c(OC)c2)C(C)C)cc1OC,NORVERAPAMIL,1.0
N#Cc1ccc(Cn2cncc2C[NH2+][C@H]2CCN(c3ccncc3)C2=O)cc1,WOMBAT20,1.0
Cc1nc[nH]c1CN1CCc2c(c3ccccc3n2C)C1=O,ALOSETRON,1.0
CCN(CC)Cc1ccc2c(c1)CC[C@H](N1CCN(CCc3ccc(Cl)cc3)CC1=O)C2,AMINOMETHYL TETRAHYDRONAPHTHALENE KETOPIPERAZINE 2A,1.0
CN(C)CCCN1c2ccccc2CCc2ccccc21,IMIPRAMINE HYDROCHLORIDE,1.0
N[C@@H](C(=O)N1CC(c2cc(F)ccc2F)=C[C@H]1c1ccccc1)C1CC1,BMCL-16-2007-1777-19,1.0
CCc1cn(-c2ccc(F)cc2)c2ccc(Cl)cc12,BMCL20031829_22,1.0
CN1CCN(CCCN2c3ccccc3Sc3ccc(C(F)(F)F)cc32)CC1,TRIFLUOPERAZINE HYDROCHLORIDE,1.0
O=C(NC1CCN(Cc2ccc3c(c2)OCO3)CC1)c1cc(=O)c2ccc(OC(F)F)cc2o1,JMC20066569-18,1.0
O=C(NC1CCN(Cc2ccc3c(c2)OCO3)CC1)c1cc(=O)c2ccc(Cl)cc2o1,JMC20066569-21,1.0
CCC(=O)O[C@](Cc1ccccc1)(c1ccccc1)[C@H](C)C[NH2+]C,NORPROPOXYPHENE,1.0
Cn1nc(C(=O)NC2C[C@@H]3CCC[C@H](C2)[NH+]3C)c2ccccc21,GRANISETRON,1.0
COCCCC/C(=N\OCC[NH3+])c1ccc(C(F)(F)F)cc1,FLUVOXAMINE,1.0
O=C(NC[C@H]1CCCC[NH2+]1)c1cc(OCC(F)(F)F)ccc1OCC(F)(F)F,FLECAINIDE,1.0
O=C1CC2(CCCC2)CC(=O)N1CCCCN1CCN(c2ncccn2)CC1,BUSPIRONE,1.0
O=C1CN(CCc2ccc(F)cc2)CCN1[C@H]1CCc2cc(Cn3ccnc3)ccc2C1,AMINOMETHYL TETRAHYDRONAPHTHALENE KETOPIPERAZINE 4B,1.0
O=C(NC1CCN(Cc2ccc3c(c2)OCO3)CC1)c1cc(=O)c2cc(F)ccc2o1,JMC20066569-30,1.0
Clc1ccc2c(c1)N=C(N1CCNCC1)c1ccccc1N2,N-DESMETHYLCLOZAPINE,1.0
Fc1ccc2c([C@@H]3C[NH2+]CC[C@@H]3F)c(-c3ccccc3)[nH]c2c1,WOMBAT32,1.0
COCCC[NH+]1CCC(NC(=O)c2cc(Cl)c(N)c3c2OCC3)CC1,PRUCALOPRIDE,1.0
Cc1ccc(-c2nc(NC(=O)CC3CCN(C)CC3)cc(-n3nccc3C)n2)o1,2-AMINO-N-PYRIMIDIN-4-YLACETAMIDE-4,1.0
CC(C)(O)C(Cl)(Cl)Cl,CHLOROBUTANOL,1.0
Clc1ccc2c(c1)CCc1cccnc1C2=C1CC[NH2+]CC1,DESLORATIDINE,1.0
COc1cc(-n2cnc3cc(-c4ccc(Cl)cc4)sc3c2=O)ccc1N1CC[C@H](O)C1,"6-(4-CHLOROPHENYL)-3-{4-[(3S)-3-HYDROXYPYRROLIDIN-1-YL]-3-METHOXYPHENYL}THIENO[3,2-D]PYRIMIDIN-4(3H)-ONE",1.0
Clc1ccc2c(c1)N=C(N1CC[NH2+]CC1)c1ccccc1N2,NORCLOZAPINE,1.0
C[C@@H](O)c1cn(-c2ccc(F)cc2)c2ccc(Cl)cc12,BMCL20031829_18,1.0
c1ccc(-c2[nH]c3ccccc3c2[C@H]2CCC[NH2+]C2)cc1,WOMBAT29,1.0
Clc1ccc2c(c1)C(N1CCNCC1)=Nc1ccccc1O2,AMOXAPINE,1.0
COc1ccc2c(c1)[C@]13CCCC[C@@H]1[C@H](C2)N(C)CC3,DEXTROMETHORPHAN,1.0
COCCOCC#Cc1cc(-c2n[nH]c3c2C(=O)c2cc(CN4CCN(C)CC4)ccc2-3)cs1,"1,4-DIHYDROINDENO[1,2-C]PYRAZOL_50",1.0
COc1ccc(CN2CCC(NC(=O)c3cc(=O)c4ccc(F)cc4o3)CC2)cc1,JMC20066569-47,1.0
Fc1ccc2c([C@@H]3C[NH2+]CC[C@@H]3F)c(C3CCCCCC3)[nH]c2c1,WOMBAT37,1.0
CN(C)CCC=C1c2ccccc2CCc2ccccc21,AMITRIPTYLINE HYDROCHLORIDE,1.0
CN(C)C[C@@H](c1ccc(O)cc1)C1(O)CCCCC1,DULOXETINE,1.0
O=C(NC1CCN(Cc2ccc3c(c2)OC(F)(F)O3)CC1)c1cc(=O)c2ccc(F)cc2o1,JMC20066569-42,1.0
c1ccc(-c2[nH]c3ccccc3c2C2CC[NH2+]CC2)cc1,WOMBAT30,1.0
OCCOCC[NH+]1CCN(C2=Nc3ccccc3Sc3ccccc32)CC1,QUETIAPINE,1.0
O=C(OC1C[C@H]2CC3C[C@H](C1)[NH+]2CC3=O)C1=c2ccccc2=NC1,DOLASETRON,1.0
O=C(O[C@@H]1Cc2c(O)cc(O)cc2O[C@@H]1c1cc(O)c(O)c(O)c1)c1cc(O)c(O)c(O)c1,EGCG,1.0
N#Cc1ccc(Cn2cncc2C[NH2+][C@@H]2CCN(C(=O)c3cncc(Br)c3)C2=O)cc1,WOMBAT66,1.0
O=C(NC1CCN(Cc2ccc3c(c2)OCO3)CC1)c1cc(=O)c2cc(Cl)c(Cl)cc2o1,JMC20066569-36,1.0
Fc1ccc(-n2cc(C3CC[NH+](CCN4CCNC4=S)CC3)c3cc(Cl)ccc32)cc1,SERTINDOLE10,1.0
CNCC[C@@H](Oc1ccccc1C)c1ccccc1,ATOMOXETINE,1.0
CN(C(=O)N1CC(c2cc(F)ccc2F)=C[C@H]1c1cccc(O)c1)C1CCNCC1,BMCL-16-2006-17782-21,1.0
CCS(=O)(=O)C[NH2+][C@@H]1c2cc(C[NH3+])ccc2OC(C)(C)[C@H]1O,CHROMANOL,1.0
C[NH+]1CCCC[C@@H]1c1c(-c2ccccc2)[nH]c2ccccc12,WOMBAT02,1.0
Fc1ccc2[nH]c(-c3ccccc3)c([C@@H]3C[NH2+]CC[C@@H]3F)c2c1,WOMBAT39,1.0
F[C@H]1CC[NH2+]C[C@H]1c1c(-c2ccccc2)[nH]c2ccc(Cl)cc12,WOMBAT64,1.0
COC(=O)[C@H]1[C@H](OC(=O)c2ccccc2)C[C@@H]2CC[C@H]1[NH+]2C,COCAINE,1.0
N#Cc1ccc(Cn2cncc2C[NH2+][C@H]2CCN(Cc3ccccc3)C2=O)cc1,WOMBAT21,1.0
CC(C)N(CC[C@@](C(N)=O)(c1ccccc1)c1ccccn1)C(C)C,DISOPYRAMIDE PHOSPHATE,1.0
COc1ccc(Cc2nccc3cc(OC)c(OC)cc23)cc1OC,PAPAVERINE,1.0
COc1ccc(C[C@@H]2c3cc(Oc4cc(C[C@@H]5c6cc(OC)c(OC)cc6CCN5C)ccc4O)c(OC)cc3CCN2C)cc1,NEFERINE,1.0
CO[C@]12CC[C@@]3(C[C@@H]1[C@@](C)(O)C(C)(C)C)[C@H]1Cc4ccc(O)c5c4[C@@]3(CC[NH+]1CC1CC1)[C@H]2O5,BUPRENORPHINE,1.0
C1CCC(C(C[C@H]2CCCC[NH2+]2)C2CCCCC2)CC1,PERHEXILENE,1.0
CSc1ncccc1C(=O)N1CC[C@@H]([NH2+]Cc2cncn2Cc2ccc(C#N)cc2)C1=O,WOMBAT18,1.0
C[NH2+][C@H]1CC[C@@H](c2ccc(Cl)c(Cl)c2)c2ccccc21,SERTRALINE,1.0
CCCC[NH+](CCCC)C[C@H](O)c1cc(Cl)cc2c1-c1ccc(Cl)cc1/C2=C\c1ccc(Cl)cc1,LUMEFANTRINE,1.0
CC(C)c1nc(CN(C)C(=O)N[C@H](C(=O)N[C@@H](Cc2ccccc2)C[C@H](O)[C@H](Cc2ccccc2)NC(=O)OCc2cncs2)C(C)C)cs1,RITONAVIR,1.0
COC(=O)c1[nH]c2cc(F)ccc2c1[C@@H]1C[NH2+]CC[C@H]1F,WOMBAT35,1.0
CC(C)[C@H](N)C(=O)N1CC(c2cc(F)ccc2F)=C[C@@H]1c1cccc(O)c1,BMCL-16-2006-17782-15,1.0
COc1ccc(CN2CCC(NC(=O)c3cc(=O)c4ccc(F)cc4o3)CC2)cc1F,JMC20066569-52,1.0
Cc1cccc(C)c1OCC(=O)N[C@H](Cc1ccccc1)[C@H](O)C[C@@H](Cc1ccccc1)NC(=O)[C@@H](C(C)C)N1CCCNC1=O,LOPINAVIR,1.0
C[C@H](Cc1cc2c(c(C(N)=O)c1)N(CCCO)CC2)NCCOc1ccccc1OCC(F)(F)F,SILODOSIN,1.0
Cc1ccc(OC[C@H](O)[C@H](C)NC(C)C)c2c1CCC2,ICI-118551,1.0
C[NH+]1CCC[C@H](c2c(-c3ccccc3)[nH]c3ccccc23)C1,WOMBAT05,1.0
C[NH+](C)CCC=C1c2ccccc2CCc2ccccc21,AMITRIPTYLINE,1.0
Cc1ccc(-c2cc(C(F)(F)F)nn2-c2ccc(S(N)(=O)=O)cc2)cc1,CELECOXIB,1.0
NC(N)=[NH+]c1nc(CSCC/C(N)=[NH+]/S(N)(=O)=O)cs1,FAMOTIDINE,1.0
CN([C@@H]1c2cc(OCCCC(F)(F)F)ccc2OC(C)(C)[C@H]1O)S(C)(=O)=O,HMR-1556,1.0
CC(C)(CN1CCC(=C2c3ccc(F)cc3COc3ccccc32)CC1)C(=O)O,HY-2901,1.0
CC(C)Cn1c(=O)n(C)c(=O)c2[nH]cnc21,ISOBUTYLMETHYLXANTHINE,1.0
Cc1cccc(C)c1OC[C@@H](C)[NH3+],MEXILETINE,1.0
CN(C(=O)Cc1ccc(CNS(C)(=O)=O)cc1)[C@@H](CN1CC[C@@H](O)C1)c1ccccc1,N-{(1S)-2-[(3S)-3-HYDROXYPYRROLIDIN-1-YL]-1-PHENYLETHYL}-N-METHYL-2-(4-{[(METHYLSULFONYL)AMINO]METHYL}PHENYL)ACETAMIDE,1.0
O=C1NCCN1CC[NH+]1CC=C(c2cn(-c3ccc(F)cc3)c3ccc(Cl)cc23)CC1,SERTINDOLE2,1.0
O=C1N(Cc2ccccc2)[C@H]2[C@H](C[S+]3CCC[C@H]23)N1Cc1ccccc1,TRIMETHAPHAN,1.0
Cc1ncccc1C(=O)N1CC[C@H]([NH2+]Cc2cncn2Cc2ccc(C#N)cc2)C1=O,WOMBAT25,1.0
COc1cc2c(Oc3ccc4[nH]c(C)c(C)c4c3)ncnc2cc1OCCN1CCN(CC(C)=O)CC1,"1-{4-[2-({4-[(2,3-DIMETHYL-1H-INDOL-5-YL)OXY]-6-METHOXYQUINAZOLIN-7-YL}OXY)ETHYL]PIPERAZIN-1-YL}PROPAN-2-ONE",1.0
CC(C)(C)N1CCC(c2ccccc2)(c2ccccc2)CC1,BUDIPINE,1.0
COc1cccc(CN2CCC(NC(=O)c3cc(=O)c4ccc(F)cc4o3)CC2)c1,JMC20066569-46,1.0
O=C(NC1CCN(Cc2ccc3c(c2)OCO3)CC1)c1cc(=O)c2cc(F)c(Cl)cc2o1,JMC20066569-34,1.0
O=C1CN(CCc2ccc(F)cc2)CCN1[C@H]1CCc2cc(CN3CCCCC3)ccc2C1,AMINOMETHYL TETRAHYDRONAPHTHALENE KETOPIPERAZINE 4E,1.0
COc1ccc2c(=O)cc(C(=O)NC3CCN(Cc4ccc5c(c4)OCO5)CC3)oc2c1,JMC20066569-2,1.0
COCCOCC#Cc1cc(-c2n[nH]c3c2Cc2ccc(Cn4cncn4)cc2-3)cs1,"1,4-DIHYDROINDENO[1,2-C]PYRAZOL_90",1.0
CC[C@@H](O)C(C[C@@H](C)NC)(c1ccccc1)c1ccccc1,NORACETYLMETHADOL,1.0
O=C(NC1CCN(Cc2ccc3c(c2)OCCO3)CC1)c1cc(=O)c2ccc(F)cc2o1,JMC20066569-44,1.0
COc1ccc(CCNCCCNC(=O)c2ccc([N+](=O)[O-])cc2)cc1OC,SB-237376,1.0
CC[C@@H](C)C(=O)O[C@@H]1C[C@@H](C)C=C2C=C[C@@H](C)[C@@H](CC[C@@H]3C[C@@H](O)CC(=O)O3)[C@H]21,LOVASTATIN,1.0
CCCc1nc(C)c2c(=O)nc(-c3cc(S(=O)(=O)N4CC[NH+](CC)CC4)ccc3OCC)[nH]n12,VARDENAFIL,1.0
CS(=O)(=O)N1CCN(Cc2ccc3c(c2)CC[C@H](N2CCN(CCc4ccc(F)cc4)CC2=O)C3)CC1,AMINOMETHYL TETRAHYDRONAPHTHALENE KETOPIPERAZINE 4F,1.0
O=C(NC1CCN(Cc2cc3c(cc2Cl)OCO3)CC1)c1cc(=O)c2ccc(F)cc2o1,JMC20066569-43,1.0
Cc1cn2ccn(CC3(c4ccc(C(F)(F)F)cc4)CC3)c(=O)c2n1,"2-METHYL-7-({1-[4-(TRIFLUOROMETHYL)PHENYL]CYCLOPROPYL}METHYL)IMIDAZO[1,2-A]PYRAZIN-8(7H)-ONE HYDROCHLORIDE",1.0
Cc1cc2c(s1)Nc1ccccc1N=C2N1CCNCC1,N-DEMETHYLOLANZAPINE,1.0
CCSc1ncccc1C(=O)N1CC[C@@H]([NH2+]Cc2cncn2Cc2ccc(C#N)cc2)C1=O,WOMBAT17,1.0
COc1ccccc1OC[C@H](O)C[NH+]1CC[NH+](CC(=O)Nc2c(C)cccc2C)CC1,RANOLAZINE,1.0
CC(C)(C)NC(=O)[C@@H]1C[C@@H]2CCCC[C@@H]2C[NH+]1C[C@@H](O)[C@H](Cc1ccccc1)NC(=O)[C@H](CC(N)=O)NC(=O)c1ccc2ccccc2n1,SAQUINAVIR,1.0
CCC(O)(CC)c1cn(-c2ccc(F)cc2)c2ccc(Cl)cc12,BMCL20031829_20,1.0
CC(C)C[C@@H]([NH+](C)C)C1(c2ccc(Cl)cc2)CCC1,SIBUTRAMINE,1.0
COc1cc2oc(C(=O)NC3CCN(Cc4ccc5c(c4)OCO5)CC3)cc(=O)c2cc1F,JMC20066569-35,1.0
COc1cc2nc(N3CCN(C(=O)[C@@H]4CCCO4)CC3)nc(N)c2cc1OC,TERAZOSIN,1.0
COc1ccc([C@@H]2Sc3ccccc3N(CC[NH+](C)C)C(=O)[C@@H]2OC(C)=O)cc1,DILTIAZEM,1.0
CC(C)(C(=O)O)c1ccc([C@H](O)CCCN2CCC(C(O)(c3ccccc3)c3ccccc3)CC2)cc1,FEXOFENADINE HYDROCHLORIDE,1.0
COc1cc(CNC(=O)CCCC/C=C/C(C)C)ccc1O,CAPSAICIN,1.0
O=C([C@@H](O)C1CC1)N1CC(c2cc(F)ccc2F)=C[C@H]1c1cccc(O)c1,BMCL-16-2006-17782-17,1.0
C[C@H]1CN(c2c(F)c(N)c3c(c2F)[N+](C2CC2)=C[C@@H](C(=O)[O-])C3=O)C[C@@H](C)[NH2+]1,SPARFLOXACIN,1.0
CN(C)CCOC(c1ccccc1)c1ccccc1,"4,4'-DIMETHYLDIPHENHYDRAMINE",1.0
CCS(=O)(=O)N(C)[C@H]1c2cc(C#N)ccc2OC(C)(C)[C@@H]1O,CHROMANOLOL 293B,1.0
CN(CCCN1c2ccccc2CCc2ccccc21)C(=O)c1cc2cc(Cl)ccc2o1,"5-CHLORO-N-[3-(10,11-DIHYDRO-5H-DIBENZO[B,F]AZEPIN-5-YL)PROPYL]-N-METHYL-1-BENZOFURAN-2-CARBOXAMIDE",1.0
CC(=O)c1ccc(CN2CCC(NC(=O)c3cc(=O)c4ccc(F)cc4o3)CC2)cc1,JMC20066569-53,1.0
CCCOC(C(=O)OC1CCN(C)CC1)(c1ccccc1)c1ccccc1.Cl,ROPIVACAINEHCL,1.0
Cc1cccc(C)c1NC(=O)CC12CCC[NH+]1CCC2,PILSICAINIDE,1.0
CCCCN1CCCC[C@@H]1C(=O)Nc1c(C)cccc1C,LEVOBUPIVACAINE HYDROCHLORIDE,1.0
C[NH+](C)CC[C@H](c1ccc(Cl)cc1)c1ccccn1,CHLORPHENIRAMINE,1.0
CC(C)Oc1cc([C@H](C2=CN[C@@H](C(O)(C(F)(F)F)C(F)(F)F)S2)c2cc[n+]([O-])cc2)ccc1OC(F)F,WOMBAT14,1.0
COc1ncccc1C(=O)N1CC[C@H]([NH2+]Cc2cncn2Cc2ccc(C#N)cc2)C1=O,WOMBAT22,1.0
CC(C)(O)[C@H]1C=CC([C@H](c2cc[n+](O)cc2)c2ccc(OC(F)F)c(OC3CCC3)c2)=CN1,WOMBAT43,1.0
C[NH+]1CC[NH+](CCCN2c3ccccc3Sc3ccc(Cl)cc32)CC1,PROCHLORPERAZINE,1.0
CC(C)(O)[C@H]1C=CC([C@H](c2cc[n+]([O-])cc2)c2ccc(OC(F)F)c(OC(F)F)c2)=CN1,WOMBAT44,1.0
c1ccc(C2(c3ccccc3)C[C@H]2C2=[NH+]CCN2)cc1,CIBENZOLINE,1.0
O=C1NCCN1CC[NH+]1CCC(c2cn(-c3ccc(F)cc3)c3ccccc23)CC1,SERTINDOLE13,1.0
CCCN1CCCC[C@@H]1C(=O)Nc1c(C)cccc1C,ROPIVACAINE HYDROCHLORIDE,1.0
O=C1CN(CCc2ccc(F)cc2)CCN1[C@H]1CCc2cc(CN3CCS(=O)(=O)CC3)ccc2C1,AMINOMETHYL TETRAHYDRONAPHTHALENE KETOPIPERAZINE 4G,1.0
COc1cc(N)c(Cl)cc1C(=O)N[C@@H]1CCN(CCCCCC(=O)O[C@@H]2CN3CCC2CC3)C[C@@H]1OC,ATI-7505,1.0
CN(C)C(=O)[C@@H](CO)N(C)Cc1ccc2c(c1)CC[C@H](N1CCN(CCc3ccc(F)cc3)CC1=O)C2,AMINOMETHYL TETRAHYDRONAPHTHALENE KETOPIPERAZINE 4I,1.0
CC(C)(C)Oc1cc([C@H](C2=CN[C@@H](C(C)(C)O)C=C2)c2cc[n+]([O-])cc2)ccc1OC(F)F,WOMBAT51,1.0
COc1cc(C(=O)N=S(=O)([O-])c2ccccc2C)ccc1Cc1cn(C)c2ccc(NC(=O)OC3CCCC3)cc12,ZAFIRLUKAST,1.0
CC[NH+](CC)CC#CCOC(=O)[C@@](O)(c1ccccc1)C1CCCCC1,OXYBUTYNIN,1.0
CC(C)(O)[C@H]1C=CC([C@@H](c2cc[n+]([O-])cc2)c2ccc(OC(F)F)c(OC(F)F)c2)=CN1,WOMBAT45,1.0
Cc1nc2c(=O)n(CC3(c4ccccc4)CC3)ccn2c1Br,"3-BROMO-2-METHYL-7-[(1-PHENYLCYCLOPROPYL)METHYL]IMIDAZO[1,2-A]PYRAZIN-8(7H)-ONE HYDROCHLORIDE",1.0
CN(C)Cc1cc2cc(Cl)ccc2n1-c1ccc(F)cc1,BMCL20031829_16,1.0
C[NH+](C)CCOC(c1ccccc1)c1ccccc1,DIPHENHYDRAMINE,1.0
O=C([O-])COCC[NH+]1CC[NH+]([C@H](c2ccccc2)c2ccc(Cl)cc2)CC1,CETIRIZINE,1.0
CN(C)C(=O)N1CC(c2cc(F)ccc2F)=C[C@@H]1c1cccc(O)c1,BMCL-16-2006-17782-19,1.0
COCc1ccc(-n2cc(C3CC[NH+](CCN4CCNC4=O)CC3)c3cc(Cl)ccc32)cc1,SERTINDOLE8,1.0
CC[C@H]1OC(=O)[C@@H](C)[C@@H](O[C@H]2C[C@@](C)(OC)[C@@H](O)[C@H](C)O2)[C@H](C)[C@@H](O[C@@H]2O[C@H](C)C[C@H]([NH+](C)C)[C@@H]2O)[C@](C)(O)C[C@@H](C)/C(=N/OCOCCOC)[C@H](C)[C@@H](O)[C@]1(C)O,ROXITHROMYCIN,1.0
CC(C)Oc1cc([C@@H](C2=CN[C@@H](C(O)(C(F)(F)F)C(F)(F)F)S2)c2ccc[n+]([O-])c2)ccc1OC(F)F,WOMBAT16,1.0
CCN(CC)CCOC(=O)c1ccc(N)cc1.CN(C)CCCN1c2ccccc2CCc2ccc(Cl)cc21,PROCAINE,1.0
CC(C)Oc1cc([C@H](C2=CN[C@@H](C(C)(C)O)C=C2)c2cc[n+]([O-])cc2)ccc1OC(F)F,WOMBAT47,0.0
CC(C)Oc1cc([C@H](C2=CN[C@@H](C(C)(C)O)C=C2)c2ccc[n+]([O-])c2)ccc1OC(F)F,WOMBAT48,0.0
Cc1nnc(C(C)C)n1C1C[C@@H]2CC[C@H](C1)N2CC[C@H](NC(=O)C1CCC(F)(F)CC1)c1ccccc1,MARAVIROC,0.0
CC(C)Oc1cc([C@@H](C2=CN[C@@H](C(C)(C)O)C=C2)c2ccc[n+]([O-])c2)ccc1OC(F)F,WOMBAT50,0.0
Cc1ccc([C@@]23CNC[C@@H]2C3)cc1,BICIFADINE,0.0
CC(=O)Nc1ccc(CN2CCC(NC(=O)c3cc(=O)c4ccc(F)cc4o3)CC2)cc1,JMC20066569-54,0.0
CCOP(=O)(Sc1ccccc1)Sc1ccccc1,EDDP,0.0
CC[NH+](CC)CCNC(=O)c1ccc(NS(C)(=O)=O)cc1,SEMATILIDE,0.0
N#Cc1ccc(Cn2cncc2C[NH2+][C@H]2CCN(C(=O)c3cccnc3[O-])C2=O)cc1,WOMBAT23,0.0
N#Cc1ccc(Cn2cncc2C[NH2+][C@@H]2CCN(C(=O)c3cccnc3N)C2=O)cc1,WOMBAT24,0.0
Cc1nnc2n1-c1ccc(Cl)cc1C(c1ccccc1Cl)=NC2,TRIAZOLAM,0.0
COC(=O)C1=C(C)NC(C)=C(C(=O)OC(C)C)[C@H]1c1cccc2nonc12,ISRADIPINE,0.0
CN1CCN(Cc2ccc3c(c2)Cc2c(-c4csc(C#CCOc5ccccc5)c4)n[nH]c2-3)C(=O)C1,"1,4-DIHYDROINDENO[1,2-C]PYRAZOL_77",0.0
CC(C)Oc1cc([C@@H](C2=CCC(=O)N=C2)C2=CN[C@@H](C(C)(C)O)C=C2)ccc1OC(F)F,WOMBAT49,0.0
CC(C)(C)Oc1cc([C@H](C2=CN[C@H](C(C)(C)O)S2)c2cc[n+]([O-])cc2)ccc1OC(F)F,WOMBAT12,0.0
CC[C@@H]1OC(=O)[C@@H](C)[C@H](O[C@H]2C[C@@](C)(OC)[C@@H](O)[C@H](C)O2)[C@H](C)[C@@H](O[C@@H]2O[C@H](C)C[C@@H]([NH+](C)C)[C@@H]2O)[C@@](C)(OC)C[C@@H](C)C(=O)[C@@H](C)[C@@H](O)[C@]1(C)O,CLARITHROMYCIN,0.0
CC(C)(C)Oc1cc([C@H](C2=CN[C@H](C(O)(C(F)(F)F)C(F)(F)F)S2)c2cc[n+]([O-])cc2)ccc1OC(F)F,WOMBAT15,0.0
Cc1c(F)c(N2CC[NH2+][C@H](C)C2)cc2c1C(=O)[C@H](C(=O)[O-])C=[N+]2C1CC1,GREPAFLOXACIN,0.0
O=C(c1ccc(F)cc1)c1ccc(F)cc1,"4,4'-DIFLUOROBENZOPHENONE",0.0
O=C(c1ccccc1F)c1ccccc1F,"4,4-DIFLUOROBENZOPHENONE",0.0
COc1ccc(Cl)cc1C(=O)NCCc1ccc(S(=O)([O-])=NC(=O)NC2CCCCC2)cc1,GLIBENCLAMIDE,0.0
CCC1=C(C)CN(C(=O)NCCc2ccc(S(=O)([O-])=NC(=O)NC3CCC(C)CC3)cc2)C1=O,GLIMEPIRIDE,0.0
CC(C)[NH2+]C[C@H](O)c1ccc(NS(C)(=O)=O)cc1,SOTALOL,0.0
CCOC(=O)C1(c2ccccc2)CCN(C)CC1,PETHIDINE HYDROCHLORIDE,1.0
C[C@@H]([NH2+]C(C)(C)C)C(=O)c1cccc(Cl)c1,BUPROPION,0.0
O=C(NCCN1CCOCC1)c1ccc(Cl)cc1,MOCLOBEMIDE,0.0
COc1cc2nc(N(C)CCCNC(=O)[C@H]3CCCO3)nc(C)c2cc1OC,ALFUZOSIN,0.0
Cc1cn2ccn(CC3(c4ccccc4)CC3)c(=O)c2n1,"2-METHYL-7-[(1-PHENYLCYCLOPROPYL)METHYL]IMIDAZO[1,2-A]PYRAZIN-8(7H)-ONE HYDROCHLORIDE",0.0
CCOC(=O)[C@H](CCc1ccccc1)N[C@@H](C)C(=O)N1CCC[C@H]1C(=O)O,ENALAPRIL NITRATE,0.0
CN1CC(=O)N2[C@@H](c3ccc4c(c3)OCO4)c3[nH]c4ccccc4c3C[C@@H]2C1=O,TADAFIL,0.0
CN1CC(=O)N2[C@H](Cc3c([nH]c4ccccc34)[C@H]2c2ccc3c(c2)OCO3)C1=O,TADALAFIL,0.0
CO[C@@H]1[C@H](OC(C)=O)CC(=O)O[C@H](C)C/C=C\C=C\[C@H](O)[C@H](C)C[C@H](CC=O)[C@H]1O[C@H]1O[C@H](C)[C@H](O[C@@H]2C[C@@](C)(O)[C@H](OC(=O)CC(C)C)[C@@H](C)O2)[C@H]([NH+](C)C)[C@H]1O,JOSAMYCIN,0.0
C[C@@]12CCC(=O)C=C1C=C[C@@H]1[C@H]2CC[C@]2(C)[C@@H]1CC[C@]2(O)CCC(=O)[O-],CANRENOIC,0.0
C[C@]12CC[C@@H]3[C@@H](C=CC4=CC(=O)CC[C@@]43C)[C@H]1CC[C@@]2(O)CCC(=O)O,CANRENOIC_ACID,0.0
CCOc1ccccc1OCC[NH2+][C@H](C)Cc1ccc(OC)c(S(N)(=O)=O)c1,TAMSULOSIN,0.0
CC1=C2[C@@H]3OC(=O)[C@@H](C)[C@@H]3[C@H](O)C[C@]2(C)C=CC1=O,ARTEMISIN,0.0
O=c1c(O)c(-c2ccc(O)cc2O)oc2cc(O)cc(O)c12,MORIN,0.0
CCOC(=O)C1=C(C)NC(C)=C(C(=O)OC)[C@H]1c1cccc([N+](=O)[O-])c1,NITRENDIPINE,0.0
COc1c(N2CC[NH2+][C@H](C)C2)c(F)cc2c1[N+](C1CC1)=C[C@@H](C(=O)[O-])C2=O,GATIFLOXACIN,0.0
COc1c(N2C[C@H]3CCC[NH2+][C@H]3C2)c(F)cc2c1[N+](C1CC1)=C[C@@H](C(=O)[O-])C2=O,MOXIFLOXACIN,0.0
COCCc1ccc(-n2cc(C3CC[NH+](CCN4CCNC4=O)CC3)c3cc(Cl)ccc32)cc1,SERTINDOLE7,0.0
CCC[C@@H](C)C1(CC)C(=O)NC(=O)NC1=O,PENTOBARBITAL,0.0
C[NH+]1CC[NH+]([C@@H]2c3ccccc3Nc3ccc(Cl)cc3N2O)CC1,CLOZAPINE_N_OXYDE,0.0
CCN(CC)CCNC(=O)c1ccc(N)cc1,PROCAINAMIDE HYDROCHLORIDE,0.0
COCCc1ccc(OC[C@H](O)C[NH2+]C(C)C)cc1,METOPROLOL,0.0
CC[C@H]1OC(=O)[C@@H](C)[C@@H](O[C@H]2C[C@@](C)(OC)[C@@H](O)[C@H](C)O2)[C@H](C)[C@@H](O[C@@H]2O[C@H](C)C[C@H]([NH2+]C)[C@@H]2O)[C@](C)(O)C[C@@H](C)C(=O)[C@H](C)[C@@H](O)[C@]1(C)O,N-DEMETHYL-ERYTHROMYCIN,0.0
CC[C@H]1OC(=O)[C@H](C)[C@H](O[C@H]2C[C@@](C)(O)[C@H](O)[C@@H](C)O2)[C@@H](C)[C@H](O[C@H]2O[C@H](C)C[C@@H]([NH+](C)C)[C@H]2O)[C@](C)(O)C[C@@H](C)C(=O)[C@H](C)[C@@H](O)[C@@]1(C)O,N-DESMETHYLERYTHROMYCIN,0.0
N[C@@H](CC(=O)N1CCn2c(nnc2C(F)(F)F)C1)Cc1cc(F)c(F)cc1F,SITAGLIPTIN,0.0
CC[C@H]1OC(=O)[C@H](C)[C@@H](O[C@H]2C[C@@](C)(O)[C@@H](O)[C@H](C)O2)[C@H](C)[C@@H](O[C@@H]2O[C@H](C)C[C@H](N(C)C)[C@H]2O)[C@](C)(O)C[C@@H](C)C(=O)[C@H](C)[C@@H](O)[C@]1(C)O,N-DEMETHYLERYTHROMYCIN,0.0
Cc1cccc(C)c1NC(=O)[C@@H]1CCCCN1C,MEPIVACAINE (RACEMATE),0.0
C[NH+]1CCc2cc3c(cc2C(=O)Cc2ccc4c(c2C1)OCO4)OCO3,PROTOPINE,0.0
NC1=[NH+]C[C@H]2c3ccccc3Cc3ccccc3N12,EPINASTINE,0.0
COC(=O)C1=CC[C@@H]2CC[C@@H]1[NH+]2C,METHYLECGONIDINE,0.0
CCCCC1=NC2(CCCC2)C(=O)N1Cc1ccc(-c2ccccc2-c2nn[n-]n2)cc1,IRBESARTAN,0.0
Fc1ccc(-n2cc(C3CC[NH2+]CC3)c3cc(Cl)ccc32)cc1,SERTINDOLE14,0.0
CO/N=C1\CN(c2nc3c(cc2F)C(=O)[C@H](C(=O)O)CN3C2CC2)CC12CNC2,DW-224A,0.0
CCCN[C@@H](C)C(=O)Nc1c(C)csc1C(=O)OC,ARTICAINE,0.0
COc1cc(Cc2cnc(N)nc2N)cc(OC)c1OC,TRIMETHOPRIM,0.0
NC[C@@H](O)COc1ccccc1C(=O)CCc1ccccc1,N-DEPROPYLPROPAFENONE,0.0
O=C1NC(=O)C(c2ccccc2)(c2ccccc2)N1,PHENYTOIN,0.0
C[NH+]1CCC[C@@H]1c1cccnc1,NICOTINE,0.0
CCN(CC)CC(=O)Nc1c(C)cccc1C,LIGNOCAINE,0.0
CC[C@H]1OC(=O)[C@@H](C)[C@@H](O[C@H]2C[C@@](C)(OC)[C@@H](O)[C@H](C)O2)[C@H](C)[C@@H](O[C@@H]2O[C@H](C)C[C@H]([NH+](C)C)[C@@H]2O)[C@@](C)(O)C[C@@H](C)[C@H]([NH3+])[C@H](C)[C@@H](O)[C@]1(C)O,ERYTHROMYCYLAMINE,0.0
COc1ccc2c(c1)c(CC(=O)[O-])c(C)n2C(=O)c1ccc(Cl)cc1,INDOMETHACIN,0.0
CC(C)(NC(=O)c1ccc(O)cc1)C(=O)O,M-43068,0.0
COc1ccc2c3c1O[C@H]1[C@@H](O)C=C[C@H]4[C@@H](C2)[NH+](C)CC[C@]314,CODEINE,0.0
CO[C@@H]1C[C@H](O[C@H]2[C@H](C)C(=O)O[C@H](C)[C@H](C)[C@@H](O)[C@@H](C)C(=O)[C@]3(CO3)C[C@@H](C)[C@@H](O[C@H]3O[C@H](C)C[C@@H]([NH+](C)C)[C@@H]3O)[C@H]2C)O[C@H](C)[C@H]1O,OLEANDOMYCIN,0.0
Cc1oc(=O)oc1CN1CCN(c2cc3c(cc2F)c(=O)c(C(=O)O)c2n3[C@@H](C)S2)CC1,PRULIFLOXACIN,0.0
CC(=O)Oc1ccc2c3c1O[C@H]1[C@@H](OC(C)=O)C=C[C@H]4[C@@H](C2)N(C)CC[C@]314,HEROIN,0.0
CC(C)(O)c1ccc([C@H](O)CCC[NH+]2CCC(C(O)(c3ccccc3)c3ccccc3)CC2)cc1,SERTINDOLE11,0.0
CC1CCN(c2c(F)c(N)c3c4c2OC[C@@H](C)[C@@H]4C=C(C(=O)O)C3=O)CC1,ANTOFLOXACIN,0.0
O=C1NCCN1CC[NH+]1CCC(c2cn(-c3ccc(CCO)cc3)c3ccc(Cl)cc23)CC1,SERTINDOLE4,0.0
C[C@H]1Sc2c(C(=O)O)c(=O)c3cc(F)c(N4CCNCC4)cc3n21,AF3013,0.0
O=C([O-])C1=C[N+](C2CC2)=C2C=C(N3CC[NH2+]CC3)C(F)=C[C@H]2C1=O,CIPROFLOXACIN,0.0
CC(C)[NH2+]C[C@@H](O)COc1ccc(CC(N)=O)cc1,ATENOLOL (RACEMATE),0.0
C[NH+]1CC[C@]23c4c5ccc(O)c4O[C@@H]2[C@@H](O)C=C[C@H]3[C@H]1C5,MORPHINE,0.0
C[C@@H]1COc2c(N3CC[NH+](C)CC3)c(F)cc3c(=O)c(C(=O)[O-])cn1c23,OFLOXACIN,0.0
C[N@@+]1(CC2CC2)CC[C@]23c4c5ccc(O)c4O[C@H]2C(=O)CC[C@@]3(O)[C@H]1C5,METHYLNALTREXONE,0.0
CCC(=O)c1cn(-c2ccc(F)cc2)c2ccc(Cl)cc12,SERTINDOLE19,0.0
CCn1cc(C(=O)[O-])c(=O)c2cc(F)c(N3CC[NH2+][C@H](C)C3)c(F)c21,LOMEFLOXACIN,0.0
NC(=O)N1c2ccccc2C=Cc2ccccc21,CARBAMAZEPINE,0.0
CCC1(c2ccccc2)C(=O)NC(=O)NC1=O,PHENOBARBITAL,0.0
CCc1cn(-c2ccc(F)cc2)c2ccc(Cl)cc12,SERTINDOLE22,0.0
Nc1ccncc1,4-AMINOPYRIDINE,0.0
C[C@H](O)c1cn(-c2ccc(F)cc2)c2ccc(Cl)cc12,SERTINDOLE18,0.0
COC(=O)[C@H]1[C@@H](O)C[C@H]2CC[C@@H]1[NH+]2C,ECGONINE_METHYL_ESTER,0.0
CN/C(NCCSCc1[nH]cnc1C)=[NH+]\C#N,CIMETIDINE,0.0
Cc1cc(NS(=O)(=O)c2ccc(N)cc2)no1,SULFAMETHOXAZOLE,0.0
O=C([O-])c1ccc(-n2cc(C3CC[NH+](CCN4CCNC4=O)CC3)c3cc(Cl)ccc32)cc1,SERTINDOLE5,0.0
Cc1nnc(C(=O)NC(C)(C)C2=N/C(=C(\O)NCc3ccc(F)cc3)C(=O)C(=O)N2C)o1,RALTEGRAVIR,0.0
C[NH+](C)CCO[C@](C)(c1ccccc1)c1ccccn1,DOXYLAMINE,0.0
CCC(C)(C)C(=O)O[C@H]1C[C@@H](C)C=C2C=C[C@H](C)[C@H](CC[C@@H]3C[C@@H](O)CC(=O)O3)[C@H]21,SIMVASTATIN,0.0
COc1ccc2c3c1O[C@H]1C(=O)CC[C@@]4(O)[C@@H](C2)[NH+](C)CC[C@]314,OXYCODONE,0.0
CCCCC(=O)N(Cc1ccc(-c2ccccc2-c2nn[n-]n2)cc1)[C@H](C(=O)[O-])C(C)C,VALSARTAN,0.0
CCCC[C@](C)(O)C/C=C/[C@H]1[C@H](O)CC(=O)[C@@H]1CCCCCCC(=O)OC,MISOPROSTOL,0.0
C[C@H]1CN(C[C@H](Cc2ccccc2)C(=O)NCC(=O)O)CC[C@@]1(C)c1cccc(O)c1,ALVIMOPAN,0.0
CC(C)Nc1cccnc1N1CCN(C(=O)C2=CC3=C[C@H](NS(C)(=O)=O)C=CC3=N2)CC1,DELAVIRDINE,0.0
Cc1cnc(C(=O)NCCc2ccc(S(=O)([O-])=NC(=O)NC3CCCCC3)cc2)cn1,GLIPIZIDE,0.0
CCc1ccc(CCOc2ccc(C[C@H]3SC(=O)NC3=O)cc2)nc1,PIOGLITAZONE,0.0
CCc1cc(C(N)=S)ccn1,ETHIONAMIDE,0.0
Nc1c2c(nc3ccccc13)CCCC2,TACRINE,0.0
N#Cc1ccc(C(c2ccc(C#N)cc2)n2cncn2)cc1,LETROZOLE,0.0
CC(C)(C#N)c1cc(Cn2cncn2)cc(C(C)(C)C#N)c1,ANASTROZOLE,0.0
O=C1CN(/N=C/c2ccc(-c3ccc([N+](=O)[O-])cc3)o2)C(=O)N1,DANTROLENE,0.0
C#C[C@]1(O)CC[C@H]2[C@@H]3CCC4=Cc5oncc5C[C@]4(C)[C@H]3CC[C@@]21C,DANAZOL,0.0
Cc1cnc(NC(=O)C2=C(O)c3ccccc3S(=O)(=O)N2C)s1,MELOXICAM,0.0
CC(=O)Nc1nnc(S(N)(=O)=O)s1,ACETAZOLAMIDE,0.0
CCC[NH2+][C@H]1CCc2nc(N)sc2C1,PRAMIPEXOLE,0.0
O=C(c1ccc(OCC[NH+]2CCCCC2)cc1)c1c(-c2ccc(O)cc2)sc2cc(O)ccc12,RALOXIFENE,0.0
N/C(CC/C(N)=N/O)=N\O,C(CC(=NO)N)C(=NO)N,0.0
Nc1nc(N)nc(CCCc2nc(N)nc(N)n2)n1,C(CC1=NC(=NC(=N1)N)N)CC2=NC(=NC(=N2)N)N,0.0
Nc1nc(N)nc(CCCCc2nc(N)nc(N)n2)n1,C(CCC1=NC(=NC(=N1)N)N)CC2=NC(=NC(=N2)N)N,0.0
O=C(O)CN(CCN(CC(=O)O)CC(=O)O)CC(=O)O.[Mn+2],C(CN(CC(=O)O)CC(=O)O)N(CC(=O)O)CC(=O)O.[Mn+2],0.0
NCCNC(=S)S,C(CNC(=S)S)N,0.0
O=C(O)CCNCC(=O)O,C(CNCC(=O)O)C(=O)O,0.0
NCCNC[C@@H](O)CO,C(CNCC(CO)O)N,0.0
NCCSCCC(=O)O,C(CSCCN)C(=O)O,0.0
NCCSS(=O)(=O)CCN,C(CSS(=O)(=O)CCN)N,0.0
N=c1nc(N)c(NCO)c(N)n1O,C(NC1=C(N(C(=N)N=C1N)O)N)O,0.0
O=C(O)CCC(O)=C1S(=O)(=O)OCCOS1(=O)=O.[H-].[Na+],,0.0
CC[C@@](O)(C(=O)O)c1cc2n(c(=O)c1CO)Cc1cc3ccccc3nc1-2.[H-].[Na+],,0.0
C#CCOCCCC(=O)O,,0.0
C#CCSc1n[nH]c(-c2ccco2)n1,,0.0
[N-]=[N+]=NCC(N)=O,,0.0
O=C(O)CNC(=O)[C@@H]1NC(C(F)(F)F)(C(F)(F)F)OC1(C(F)(F)F)C(F)(F)F,,0.0
Nc1[nH]c(SCC(=O)O)nc(=O)c1N,,0.0
NC(=O)C[C@@H](N)C(N)=O,,0.0
N[C@H](CNO)C(=O)O,,0.0
NC(=O)C[C@@H](N)c1nn[nH]n1,,0.0
NC[C@@H](O)CSP(=O)(O)O,,0.0
O=c1[nH]c(SCc2c(Cl)c(Cl)c(Cl)c(Cl)c2Cl)nc(=S)[nH]1,,0.0
Nc1nc(N)nc(CC(=O)O)n1,,0.0
N[C@H](Cc1nn[nH]n1)C(=O)O,,0.0
CCOc1cc(N)c(Cl)cc1C(=O)NCC1C[NH+](Cc2ccc(F)cc2)CCO1,MOSAPRIDE,1.0
C[NH2+]CCC=C1c2ccccc2CCc2ccccc21,NORTRIPTYLINE,1.0
Cc1nccn1CC1CCc2c(c3ccccc3n2C)C1=O,ONDANSETRON,1.0
COc1ccc(C[NH2+]CC(O)COc2ccc3[nH]c(=O)ccc3c2)cc1OC,OPC18790,1.0
CC[NH+](CC)CC#CCOC(=O)C(O)(c1ccccc1)C1CCCCC1,OXYBUTYNIN,1.0
CCC[NH+]1C[C@H](CSC)C[C@@H]2c3cccc4c3C(C=N4)C[C@H]21,PERGOLIDE,1.0
C1CCC(C(C[C@@H]2CCCC[NH2+]2)C2CCCCC2)CC1,PERHEXILENE,1.0
CC(Cc1ccccc1)[NH2+]CCC(c1ccccc1)c1ccccc1,PRENYLAMINE,1.0
CC[NH+](CC)CCNC(=O)c1ccc(N)cc1,PROCAINAMIDE,1.0
CC(CN1c2ccccc2Sc2ccccc21)[NH+](C)C,PROMETHAZINE,1.0
CCC[NH2+]CC(O)COc1ccccc1C(=O)CCc1ccccc1,PROPAFENONE,1.0
CCC(=O)NC(=O)c1ccc(N)cc1CC[NH+](CC)CC,PROPIONYLPROCAINAMIDE-N,1.0
CC(C)[NH2+]CC(O)COc1cccc2ccccc12,PROPRANOLOL,1.0
CC[C@H]1OC(=O)[C@H](C)[C@@H](O[C@H]2C[C@@](C)(OC)[C@@H](O)[C@H](C)O2)[C@H](C)[C@@H](O[C@@H]2O[C@H](C)C[C@H]([NH+](C)C)[C@H]2O)[C@](C)(O)C[C@@H](C)/C(=N/OCOCCOC)[C@H](C)[C@@H](O)[C@]1(C)O,ROXITHROMYCIN,1.0
CCC(=O)N(c1ccccc1)C1(COC)CC[NH+](CCc2cccs2)CC1,SUFENTANIL,1.0
CC(CC(c1ccccc1)c1ccccc1)[NH2+]C(C)(C)C,TERODILINE,1.0
CCCC(C)C1(CC)C(=O)NC(=S)NC1=O,THIOPENTAL,1.0
CSc1ccc2c(c1)N(CC[C@H]1CCCC[N@@H+]1C)c1ccccc1S2,THIORIDAZINE,1.0
COc1ccc(C(C[NH+](C)C)C2(O)CCCCC2)cc1,VENLAFAXINE,1.0
COC12CCC3(CC1C(C)(O)C(C)(C)C)C1Cc4ccc(O)c5c4C3(CC[NH+]1CC1CC1)C2O5,buprenorphine,1.0
c1ccc(C2(c3ccccc3)CC2C2=[NH+]CCN2)cc1,cibenzoline,1.0
CC(CN1c2ccccc2Sc2ccc(C#N)cc21)C[NH+](C)C,cyamemazin,1.0
Cc1cccc(C)c1OCC(=O)NC(Cc1ccccc1)C(O)CC(Cc1ccccc1)NC(=O)C(C(C)C)N1CCCNC1=O,lopinavir,1.0
CCC(C)C(=O)OC1CC(C)C=C2C=CC(C)C(CCC3CC(O)CC(=O)O3)C21,lovastatin,1.0
CCC(=O)OC(Cc1ccccc1)(c1ccccc1)C(C)C[NH2+]C,norpropoxyphene,1.0
COc1ccc(CC[NH2+]CCCC(C#N)(c2ccc(OC)c(OC)c2)C(C)C)cc1OC,norverapamil,1.0
COc1ccccc1OCC(O)C[NH+]1CC[NH+](CC(=O)Nc2c(C)cccc2C)CC1,ranolazine,1.0
CCC1(c2ccccc2)C(=O)NCNC1=O,PRIMIDONE,0.0
CNNCc1ccc(C(=O)NC(C)C)cc1,PROCARBAZINE,0.0
CC(C)NC(=[NH2+])NC(=[NH2+])Nc1ccc(Cl)cc1,PROGUANIL,0.0
NC(=O)c1ncn([C@H]2O[C@@H](CO)[C@H](O)[C@@H]2O)n1,RIBAVIRIN,0.0
CC([NH3+])C12CC3CC(CC(C3)C1)C2,RIMANTADINE,0.0
CS(=O)(=O)c1ccc(C2=C(c3ccccc3)C(=O)OC2)cc1,ROFECOXIB,0.0
Cc1cn(C2C=CC(CO)O2)c(=O)[nH]c1=O,STAVUDINE,0.0
CC1=C(CC(=O)[O-])c2cc(F)ccc2/C1=C\c1ccc(S(C)=O)cc1,SULINDAC,0.0
CNS(=O)(=O)Cc1ccc2c(c1)C(CC[NH+](C)C)C=N2,SUMATRIPTAN,0.0
C[N+]1=NN=C2C(C(N)=O)=NC=[N+]2C1=O,TEMOZOLOMIDE,0.0
CC(C)(C)[NH2+]CC(O)c1cc(O)cc(O)c1,TERBUTALINE,0.0
CC12CCC3C(CCC4=CC(=O)C=CC43C)C1CCC(=O)O2,TESTOLACTONE,0.0
O=C1CCC(N2C(=O)c3ccccc3C2=O)C(=O)N1,THALIDOMIDE,0.0
O=P([O-])([O-])C(Sc1ccc(Cl)cc1)P(=O)([O-])[O-],TILUDRONIC_ACID,0.0
Clc1ccc2nsnc2c1NC1=[NH+]CCN1,TIZANIDINE,0.0
Cc1ccc(C(=O)c2cc(O)c([O-])c([N+](=O)[O-])c2)cc1,TOLCAPONE,0.0
O=C(OC1C[C@@H]2CC3C[C@H](C1)[NH+]2C[C@@H]3O)c1c[nH]c2ccccc12,MDL_74156,1.0
O=C1C=CC[C@@H]2[C@H]3CCCN4CCC[C@H](CN12)[C@H]34,SOPHOCARPINE,0.0
O=C1C[C@@H](c2ccc(O)cc2)Oc2cc(O)cc(O)c21,NARINGENIN,1.0
CC(C)(C)[C@@H](NC(=O)OCCO)C(=O)N1CC(c2cc(F)ccc2F)=C[C@@H]1c1ccccc1,BMCL-16-2007-1777-21,1.0
CN(CCOc1ccc(CC2SC(=O)NC2=O)cc1)c1ccccn1,ROSIGLITAZONE,0.0
Cc1ccc2c(n1)N1[C@H](C)CNC[C@H]1C2,"(5AR,9R)-2,9-DIMETHYL-5,5A,6,7,8,9-HEXAHYDROPYRIDO[3',2':4,5]PYRROLO[1,2-A]PYRAZINE",1.0
CC(C)Oc1cc([C@H](C2=CN[C@H](C(O)(C(F)(F)F)C(F)(F)F)S2)c2ccc[n+]([O-])c2)ccc1OC(F)F,WOMBAT13,1.0
Nc1ccc(C(=O)N2C[C@@H]3C[C@H](C2)C[NH+](Cc2ccccc2)C3)cc1,AMBASILIDE,1.0
OCC[NH+]1CC[NH+](CCCN2c3ccccc3Sc3ccc(Cl)cc32)CC1,PERPHENAZINE,1.0
O=C([O-])CCc1nc(-c2ccccc2)c(-c2ccccc2)o1,OXAPROZIN,0.0
COc1ccc(CNc2nnc(N3CCC4(CC3)CC(O)C4)c3ccc(C#N)cc23)cc1Cl,ER-118585,1.0
Fc1ccc2c(C3C[NH2+]CCC3F)c(-c3ccsc3)[nH]c2c1,Wombat1,1.0
COc1ccc(C(=O)N2CCN(c3ccc4c(c3)CCC(=O)N4)CC2)cc1OC,VESNARINONE,1.0
CC[C@H]1OC(=O)[C@H](C)[C@H](O[C@H]2C[C@](C)(OC)[C@H](O)[C@@H](C)O2)[C@@H](C)[C@@H](O[C@H]2O[C@H](C)C[C@@H]([NH+](C)C)[C@H]2O)[C@](C)(O)C[C@@H](C)C(=O)[C@H](C)[C@@H](O)[C@@]1(C)O,ERYTHROMYCIN,0.0
CCCOC(C(=O)OC1CCN(C)CC1)(c1ccccc1)c1ccccc1,PROPIVERINE,1.0
CCN(C)C(=O)Oc1cccc([C@H](C)[NH+](C)C)c1,RIVASTIGMINE,0.0
CC(C)n1c(/C=C\[C@@H](O)C[C@@H](O)CC(=O)[O-])c(-c2ccc(F)cc2)c2ccccc21,FLUVASTATIN,0.0
C/C=C1\N(C)[C@H](C)CC1(c1ccccc1)c1ccccc1,"2-ETHYLIDENE-1,5-DIMETHYL-3,3-DIPHENYLPYRROLIDINE (EDDP) (RACEMATE)",0.0
Nc1nc2ccc(OC(F)(F)F)cc2s1,RILUZOLE,0.0
C[C@H]1COc2c(N3CC[NH+](C)CC3)c(F)cc3c(=O)c(C(=O)[O-])cn1c23,LEVOFLOXACIN,0.0
Cc1nccn1C[C@@H]1CCc2c(c3ccccc3n2C)C1=O,ONDANSETRON,1.0
C[C@@](O)(c1ccccc1)[C@H]1C=CC([C@H](c2cc[n+](O)cc2)c2ccc(OC(F)F)c(OC(F)F)c2)=CN1,WOMBAT46,1.0
N#Cc1ccc(Cn2cncc2C[NH2+][C@@H]2CCN(C(=O)c3cccnc3[S-])C2=O)cc1,WOMBAT11,1.0
Clc1ccccc1C(c1ccccc1)(c1ccccc1)n1ccnc1,CLOTRIMAZOLE,1.0
Oc1ccc(CC[NH+]2CCC(Nc3nc4ccccc4n3Cc3ccc(F)cc3)CC2)cc1,DESMETHYLASTEMIZOLE,1.0
Cc1ccc(-c2nc(NC(=O)CN3CCCN(C)CC3)cc(-n3nccc3C)n2)o1,2-AMINO-N-PYRIMIDIN-4-YLACETAMIDE-2,1.0
COc1ccc(CCO[C@@H]2CCCC[C@@H]2N2CC[C@@H](O)C2)cc1OC,VERNAKALANT HYDROCHLORIDE,1.0
CC1=C(C/C=C(\C)CCC[C@H](C)CCC[C@H](C)CCCC(C)C)C(=O)c2ccccc2C1=O,VITAMINE_K,1.0
CC[NH+](CC)CCNC(=O)c1cc(Cl)c(N)cc1OC,METOCLOPRAMIDE,1.0
O=C(NC1CCN(Cc2ccc3c(c2)OCO3)CC1)c1cc(=O)c2ccc(F)cc2o1,JMC20066569-22,1.0
C[NH+](C)Cc1cn(-c2ccc(F)cc2)c2ccc(Cl)cc12,SERTINDOLE15,1.0
CCc1ccc2c(=O)cc(C(=O)NC3CCN(Cc4ccc5c(c4)OCO5)CC3)oc2c1,JMC20066569-19,1.0
Cc1cc2c(s1)=Nc1ccccc1NC=2N1CCNCC1,4-DESMETHYLOLANZAPINE,1.0
COc1ccc([C@@H]2CC(=O)c3c(O)cc(O)cc3O2)cc1O,HESPERITIN,0.0
O=C1NCCN1CC[NH+]1CCC(c2cn(C3CCCCC3)c3ccc(Cl)cc23)CC1,SERTINDOLE6,0.0
C#CC[NH+](C)[C@H](C)Cc1ccccc1,SELEGILINE,0.0
CC(C)(C)[C@H](O)C(=O)N1CC(c2cc(F)ccc2F)=C[C@H]1c1cccc(O)c1,BMCL-16-2006-17782-18,1.0
CCCNC[C@@H](O)COc1ccc(O)cc1C(=O)CCc1ccccc1,5-HYDROXYPROPAFENONE,0.0
O=C1Cc2cc(CC[NH+]3CCN(c4nsc5ccccc45)CC3)c(Cl)cc2N1,ZIPRASIDONE,1.0
C[NH+](C)CCC1C=Nc2ccc(Cn3cncn3)cc21,RIZATRIPTAN,0.0
C[NH+](C)CCC[C@]1(c2ccc(F)cc2)OCc2cc(C#N)ccc21,CITALOPRAM,1.0
CC(=O)S[C@@H]1CC2=CC(=O)CC[C@]2(C)[C@H]2CC[C@@]3(C)[C@@H](CC[C@@]34CCC(=O)O4)[C@@H]21,SPIRONOLACTONE,1.0
CCc1c(C)[nH]c2c1/C(=N/NC(=O)Nc1ccccc1)CCC2,BMCL-16-2006-5861-8i,1.0
O=C(CCCN1CCC(n2c(=O)[nH]c3ccccc32)CC1)c1ccc(F)cc1,BENPERIDOL,1.0
CC(C)CN1C[C@H]2CN(C(C)C)C[C@@H](C1)C21CCCCC1.CNCC[C@@H](Oc1ccccc1C)c1ccccc1,BERTOSAMIL,0.0
CC1=CN2C(N)=C(Cl)C=C(C(=O)NC[C@@H]3CCCN(CC(C)C)C3)[C@@H]2N1,CJ-033466,1.0
COc1ccc2cc3[n+](cc2c1OC)CCc1cc2c(cc1-3)OCO2,BERBERINE,0.0
NC(N)=NC[C@@H](N)C(=O)O,,0.0
O=C(O)CN(CCN(CC(=O)O)CC(=O)O)CC(=O)O.[Cu+2],C(CN(CC(=O)O)CC(=O)O)N(CC(=O)O)CC(=O)O.[Cu+2],0.0
Fc1ccc([C@@H]2CC[NH2+]C[C@@H]2COc2ccc3c(c2)OCO3)cc1,PAROXETINE,0.0
C[NH+]1CC[NH+](CCCCN2C(=O)CN(/N=C/c3ccc(-c4ccc(Cl)cc4)o3)C2=O)CC1,AZIMILIDE,1.0
CC(C)(C)c1ccc(C(=O)CCC[NH+]2CCC(OC(c3ccccc3)c3ccccc3)CC2)cc1,EBASTINE,1.0
CCc1nc(N)nc(N)c1-c1ccc(Cl)cc1,PYRIMETHAMINE,0.0
COc1ccc(CCN(C)CCC[C@@](C#N)(c2cc(OC)c(OC)c(OC)c2)C(C)C)cc1OC,METHOXYVERAPAMIL,1.0
COc1ccc(CC(=O)Nc2cc3c(cc2[N+](=O)[O-])OC(C)(C)[C@H](O)[C@H]3NC2CC2)cc1,NIP-142,0.0
OCCOCCN1CCN([C@H](c2ccccc2)c2ccc(Cl)cc2)CC1,HYDROXIZINE,1.0
CC(=O)N1CCN(Cc2ccc3c(c2)CC[C@H](N2CCN(CCc4ccc(F)cc4)CC2=O)C3)CC1,AMINOMETHYL TETRAHYDRONAPHTHALENE KETOPIPERAZINE 4H,1.0
N#Cc1ccc2c(=O)cc(C(=O)NC3CCN(Cc4ccc5c(c4)OCO5)CC3)oc2c1,JMC20066569-23,1.0
CCOC(=O)C1=C[C@]2(CC)CCC[NH+]3CCc4c(n1c1ccccc41)[C@@H]32,VINPOCETINE,1.0
Fc1ccc(-c2[nH]c3cc(F)ccc3c2[C@H]2CCC[NH2+]C2)cc1,WOMBAT41,1.0
O=c1cc[nH+]c(NCC2CCN(c3nc4ccccc4n3Cc3ccc(F)cc3)CC2)[nH]1,MISOLASTINE,1.0
O=C1NCCN1CCN1CCC(c2cn(-c3ccc(F)cc3)c3ccccc23)CC1,BMCL20031829_03,1.0
Nc1nnc(-c2cccc(Cl)c2Cl)c(N)n1,LAMOTRIGINE,0.0
CC(C)(C)OC(=O)N1CC[C@@H]2C[NH+](C[C@@H](O)COc3ccc(C#N)cc3)C[C@@H](C1)O2,H345_32,1.0
CCC(=O)C(C[C@@H](C)[NH+](C)C)(c1ccccc1)c1ccccc1,METHADONE,1.0
O=C(O)c1ccc(-n2cc(C3CCN(CCN4CCNC4=O)CC3)c3cc(Cl)ccc32)cc1,BMCL20031829_05,0.0
Cc1c(O)cccc1C(=O)N[C@@H](CSc1ccccc1)[C@H](O)C[NH+]1C[C@H]2CCCC[C@H]2C[C@H]1C(=O)NC(C)(C)C,NELFINAVIR,1.0
CN(CCN(C)S(=O)(=O)c1ccc(NS(C)(=O)=O)cc1)c1nc2ccccc2n1C,WAY123398,1.0
C=C1C[C@]23C[C@H]4[C@H]5[C@]67C[C@@H](OC(C)=O)C[C@@]5(C)CN4[C@@H]6[C@@]2(O)[C@@H](OC(C)=O)[C@H]1[C@@H](O)[C@@H]73,ACEHYTISINE,0.0
CCOc1cc(N)c(Cl)cc1C(=O)NC[C@@H]1C[NH+](Cc2ccc(F)cc2)CCO1,MOSAPRIDE,1.0
COc1ccc(CNC(=O)c2cc3cc(Cl)ccc3o2)c(OC)c1,"5-CHLORO-N-(2,4-DIMETHOXYBENZYL)-1-BENZOFURAN-2-CARBOXAMIDE",1.0
Nc1nc(=S)c2[nH]cnc2[nH]1,THIOGUANINE,0.0
C[C@H]([C@H](O)c1ccc(O)cc1)N1CCC(Cc2ccccc2)CC1,IFENPRODIL,1.0
CC1=NC2=[N+](CCCC2)C(=O)[C@@H]1CC[NH+]1CCC(c2noc3cc(F)ccc23)CC1,RISPERIDONE,1.0
CN(C(=O)N1CC(c2cc(F)ccc2F)=C[C@H]1c1ccccc1)C1CCNCC1,BMCL-16-2006-1777-13,1.0
CCCCCCCCC(=O)NCc1ccc(C[C@@H](O)CO)c(OC)c1,GLYCERYL-NONIVAMIDE,1.0
Cn1c(=O)c2c(ncn2C)n(C)c1=O,CAFFEINE,1.0
C[NH+]1CC[NH+](CCCN2c3ccccc3Sc3ccc(C(F)(F)F)cc32)CC1,TRIFLUOPERAZINE,1.0
CC[C@](COC(=O)c1cc(OC)c(OC)c(OC)c1)(c1ccccc1)[NH+](C)C,TRIMEBUTINE,0.0
F[C@@H]1CC[NH2+]C[C@@H]1c1c(-c2ccccc2)[nH]c2ccccc12,WOMBAT42,1.0
COC(=O)Cc1ccc(-n2cc(C3CCN(CCN4CCNC4=O)CC3)c3cc(Cl)ccc32)cc1,BMCL20031829_07,1.0
Cn1c(=O)c2nc[nH]c2n(C)c1=O,THEOPHYLLINE,0.0
CCC[NH+](CCC)CCc1cccc2c1CC(=O)N2,ROPINIROLE,0.0
O[C@H](CNC[C@@H](O)[C@H]1CCc2cc(F)ccc2O1)[C@H]1CCc2cc(F)ccc2O1,NEBIVOLOL,1.0
CC/N=C(\c1ccc(OC)c(OC)c1)N1CCCc2cc(C3=NNC(=O)S[C@@H]3C)ccc21,EMD60263,1.0
CC/C(=C(/c1ccccc1)c1ccc(OCC[NH+](C)C)cc1)c1ccccc1,TAMOXIFEN,1.0
O=S1(=O)c2cccc3cccc(c23)N1CCCN1CCN(c2ccc(F)cc2)CC1,FANANSERIN,1.0
O[C@](CC[NH+]1CCCCC1)(c1ccccc1)[C@@H]1C[C@@H]2C=C[C@H]1C2,BIPERIDEN,0.0
CC(C)[NH2+]CC(O)c1ccc(NS(C)(=O)=O)cc1,SOTALOL,0.0
N[C@@H](C(=O)O)[C@@H](N)C(=O)O,,0.0
Cc1cc2c(s1)Nc1ccccc1N=C2N1CC[NH2+]CC1,DESMETHYL_OLANZAPINE,1.0
CCCCCCCCCCC[C@@H](C[C@@H]1OC(=O)[C@H]1CCCCCC)OC(=O)[C@H](CC(C)C)NC=O,ORLISTAT,0.0
Cc1cccc(C)c1NC(=O)[C@H]1CCCC[NH+]1CC1CC1,IQB-9302,1.0
CCOc1ccccc1C(=O)NCCCN1CCOCC1,D-703,1.0
C[NH2+][C@@H](C)[C@@H](O)c1cccc(O)c1,PSEUDOEPHEDRINE,0.0
CC(C)(C)c1ccc([C@@H](O)CCC[NH+]2CCC(C(O)(c3ccccc3)c3ccccc3)CC2)cc1,TERFENADINE,1.0
CC(C)(C)NC[C@H](O)c1cc(Cl)c(N)c(Cl)c1,CLENBUTEROL,0.0
CCCCNC[C@H](O)c1cc(Cl)cc2c1-c1ccc(Cl)cc1/C2=C/c1ccc(Cl)cc1,DESBUTYL-LUMEFANTRINE,1.0
O=C1NCCN1CCN1CCC(c2cn(-c3ccc(F)cc3)c3ccc(Cl)cc23)CC1,SERTINDOLE3,1.0
O=C(NC1CCN(Cc2ccc3c(c2)OCO3)CC1)c1cc(=O)c2ccc(O)cc2o1,JMC20066569-17,0.0
O[C@@H](CN1CCC(Cc2ccc(F)cc2)CC1)c1ccc(Cl)cc1,ELIPRODIL,1.0
Cc1nc(Nc2ncc(C(=O)Nc3c(C)cccc3Cl)s2)cc(N2CCN(CCO)CC2)n1,DASATINIB,1.0
COc1ccc(CN(CC[NH+](C)C)c2ccccn2)cc1,PYRILAMINE,1.0
N#Cc1ccc(Cn2cncc2C[NH2+][C@@H]2CCN(C(=O)c3cccc(Cl)c3)C2=O)cc1,WOMBAT62,1.0
CCN(CC)Cc1ccc2c(c1)CC[C@H](N1CCN(CCc3ccc(F)cc3)CC1=O)C2,AMINOMETHYL TETRAHYDRONAPHTHALENE KETOPIPERAZINE 1,1.0
O=C(O)CSc1n[nH]c(=O)[nH]c1=O,,0.0
O=C(NC1CCN(Cc2ccccc2)CC1)c1cc(=O)c2ccc(F)cc2o1,JMC20066569-40,1.0
COc1cc(N[C@H](C)CCCN)c2ncccc2c1,PRIMAQUINE,1.0
Cc1ccc(-n2[nH]c(C)c(N/N=C3/C=CC=C(c4cccc(C(=O)O)c4)C3=O)c2=O)cc1C,ELTROMBOPAG,1.0
CS(=O)(=O)Nc1ccc2c(c1)C(O)CC1(CC[NH+](C3CCc4cc(C#N)ccc4C3)CC1)O2,MK-499,1.0
c1ccc(CC[NH+]2CCC[C@H](c3c(-c4ccccc4)[nH]c4ccccc34)C2)cc1,WOMBAT04,1.0
[NH3+]CCCC[C@H]([NH2+][C@H](CCc1ccccc1)C(=O)[O-])C(=O)N1CCC[C@H]1C(=O)[O-],LISINOPRIL,0.0
NC(=O)CS(=O)C[C@H](N)C(=O)O,,0.0
O=C1c2cccc3c2[C@@H](CCC3)CN1[C@@H]1CN2CCC1CC2,PALONOSETRON,0.0
CCCCc1nc(Cl)c(CO)n1Cc1ccc(-c2ccccc2-c2nn[n-]n2)cc1,LOSARTAN,1.0
CCCCCCCCC(=O)NCc1ccc(CC(O)CO)c(OC)c1,glyceryl-nonivamide,1.0
CCCCCCCN(CC)CCCCc1ccc([N+](=O)[O-])cc1,LY-97241,1.0
COc1ccc(CC[N@H+](C)CCC[C@@](C#N)(c2ccc(OC)c(OC)c2)C(C)C)cc1OC,VERAPAMIL,1.0
COc1ccc(C[NH2+]C[C@@H](O)COc2ccc3[nH]c(=O)ccc3c2)cc1OC,OPC18790,1.0
N#Cc1ccc(Cn2cncc2C[NH2+][C@H]2CCN(c3cccc4ncccc34)C2=O)cc1,WOMBAT19,1.0
CCN(CC)CCOCCOC(=O)C1(c2ccccc2)CCCC1,PENTOXYVERINE,1.0
O=C1NCCN1CC[NH+]1CCC(c2cn(-c3ccccc3)c3ccc(Cl)cc23)CC1,SERTINDOLE1,0.0
C[NH2+]CCCC12CCC(c3ccccc31)c1ccccc12,MAPROTILINE,1.0
O=C(NC1CCN(Cc2ccc3c(c2)OCO3)CC1)c1cc(=O)c2ccccc2o1,JMC20066569-31,1.0
CC(C)CC([NH+](C)C)C1(c2ccc(Cl)cc2)CCC1,SIBUTRAMINE,0.0
C[NH2+]CCCC1c2ccccc2C=Cc2ccccc21,PROTRIPTYLINE,1.0
COc1cc(N)c(Cl)cc1C(=O)N[C@@H]1CC[NH+](CCCOc2ccc(F)cc2)C[C@@H]1OC,CISAPRIDE,1.0
CCCS(=O)CCC[NH+](CC)CC(O)COc1ccc(C#N)cc1,almokalant,1.0
C[NH+]1CCN(C2=Nc3ccccc3Nc3sc(CO)cc32)CC1,2-HYDROXYMETHYLOLANZAPINE,1.0
CN1CCc2cccc3c2[C@H]1Cc1ccc(O)c(O)c1-3,APOMORPHINE,1.0
CC[C@@H](O)c1cn(-c2ccc(F)cc2)c2ccc(Cl)cc12,BMCL20031829_21,1.0
CN1CCN(CCCN(C(=O)Nc2ccc(F)c(C(F)(F)F)c2)[C@@H]2C[C@@H](c3ccc(C#N)cc3)[C@@H]3C[C@H]32)CC1,BMCL-16-2006-4263-1,1.0
CCC(=O)N(c1ccccc1)C1CC[NH+](CCc2ccccc2)CC1,FENTANYL,1.0
C[NH+]1[C@H]2CC[C@@H]1[C@@H](C(=O)[O-])[C@H](OC(=O)c1ccccc1)C2,BENZOYLECGONINE,0.0
CC(=O)OCOC(=O)CN(CC(=O)O)c1ccccc1OCCOc1ccccc1N(CC(=O)O)CC(=O)O,BAPTA-AM,1.0
CCC(CC)c1cn(-c2ccc(F)cc2)c2ccc(Cl)cc12,SERTINDOLE17,0.0
CCCC1=N[N+](C)=C2C(=O)N=C(c3cc(S(=O)(=O)N4CC[NH+](C)CC4)ccc3OCC)N=C12,SILDENAFIL,0.0
CN(C)CC(c1ccc(O)cc1)C1(O)CCCCC1,DESVENLAFAXINE,0.0
N[C@H](C(=O)N1CC(c2cc(F)ccc2F)=C[C@H]1c1cccc(O)c1)C1CC1,BMCL-16-2006-17782-16,1.0
O=C1NCCN1CCN1CCC(c2cn(C3CCCCC3)c3ccc(Cl)cc23)CC1,BMCL20031829_06,1.0
CN1CCN2c3ccccc3Cc3ccccc3[C@@H]2C1,MIANSERINE,1.0
NC(=O)C(c1ccccc1)(c1ccccc1)[C@@H]1CCN(CCc2ccc3c(c2)CCO3)C1,DARIFENACIN,1.0
CN(C)CCCN1c2ccccc2CCc2ccc(Cl)cc21,CLOMIPRAMINE,1.0
CC(C)(C)C(=O)N1CC(c2cc(F)ccc2F)=C[C@H]1c1cccc(O)c1,BMCL-16-2006-1782-14,1.0
CCCC[NH+](CCCC)CC[C@@H](O)c1cc2c(Cl)cc(Cl)cc2c2cc(C(F)(F)F)ccc12,HALOFANTRINE,1.0
COc1ccccc1OCC[NH2+]C[C@@H](O)COC1=CC=CC2=Nc3ccccc3[C@@H]12,CARVEDILOL,1.0
F[C@@H]1CC[NH2+]C[C@H]1c1c(-c2ccccc2)[nH]c2cc(Cl)ccc12,WOMBAT63,1.0
Fc1ccc(-n2cc(C3CCN(CCN4CCNC4=S)CC3)c3ccccc32)cc1,,1.0
CCCCc1oc2ccccc2c1C(=O)c1cc(I)c(OCC[NH+](CC)CC)c(I)c1,AMIODARONE,1.0
COc1ccc(CC(=O)NCc2ccccc2-c2ccccc2C(=O)NCCc2cccnc2)cc1,AVE0118,1.0
CC(=O)N1CCN(c2ccc(OC[C@@H]3CO[C@](Cn4ccnc4)(c4ccc(Cl)cc4Cl)O3)cc2)CC1,KETOCONAZOLE,1.0
Nc1nc(N)c2nc(-c3ccccc3)c(N)nc2n1,TRIAMTERENE,1.0
Cc1ccc(-c2nc(NC(=O)CCN(C)C)cc(-n3nccc3C)n2)o1,2-AMINO-N-PYRIMIDIN-4-YLACETAMIDE-5,1.0
CC(C)[NH2+]C[C@@H](O)COc1cccc2ccccc12,PROPRANOLOL,1.0
CN(CCO)C(=O)N1CC(c2cc(F)ccc2F)=C[C@H]1c1cccc(O)c1,BMCL-16-2006-17782-20,1.0
O=C(O[C@@H]1CN2CCC1CC2)N1CCc2ccccc2[C@@H]1c1ccccc1,SOLIFENACIN,1.0
O.O=C(O)[C@H](O)[C@@H](O)[C@H]1O[SbH]O[C@@H]1CO,,0.0
C[NH+](C)CC/C=C1/c2ccccc2COc2ccccc21,DOXEPINE,1.0
CC(CN1c2ccccc2CCc2ccccc21)C[NH+](C)C,TRIMIPRAMINE,1.0
OC(c1ccc(F)cc1)c1ccc(F)cc1,"4,4'-DIFLUOROBENZHYDROL",0.0
CCN(CC)Cc1ccc2c(c1)CC[C@H](N1CCN(CCC3CCCCC3)CC1=O)C2,AMINOMETHYL TETRAHYDRONAPHTHALENE KETOPIPERAZINE 2C,1.0
CCOC(=O)C1=C[C@]2(CC)CCC[NH+]3CCc4c(n1c1ccccc41)[C@H]32,VINPOCETINE,1.0
CC(C)(O)c1ccc([C@H](O)CCCN2CCC(C(O)(c3ccccc3)c3ccccc3)CC2)cc1,BMCL20031829_11,1.0
O[C@H](CCCN1CCC(O)(c2ccc(Cl)cc2)CC1)c1ccc(F)cc1,HYDROXYHALOPERIDOL,1.0
CC/C(=C(\c1ccccc1)c1ccc(OCCN(C)C)cc1)c1ccccc1,TAMOXIFENE,1.0
CC(C)COC[C@@H](CN(Cc1ccccc1)c1ccccc1)[NH+]1CCCC1,BEPRIDIL,1.0
CC(C)[NH+](CC[C@](C(N)=O)(c1ccccc1)c1ccccn1)C(C)C,DISOPYRAMIDE,0.0
COc1ccc(CC[NH+](C)CCCNc2c(Cl)cn[nH]c2=O)cc1OC,EGIS7229,1.0
O=C([C@H](O)C1CC1)N1CC(c2cc(F)ccc2F)=C[C@@H]1c1ccccc1,BMCL-16-2007-1777-22,1.0
C[C@@H](CN(C)C)[C@](C)(O)Cc1ccc(Cl)cc1,CLOBUTINOL,1.0
C[C@H]1CN(c2ncccc2F)CCN1/C(=N/C#N)Nc1ccc(C(C)(C)C)cc1,(2R)-N-(4-TERT-BUTYLPHENYL)-N'-CYANO-4-(3-FLUOROPYRIDIN-2-YL)-2-METHYLPIPERAZINE-1-CARBOXIMIDAMIDE,1.0
Cc1ccc(O)c([C@H](CC[NH+](C(C)C)C(C)C)c2ccccc2)c1,TOLTERODINE,1.0
CC1=C(C/C=C(\C)CCCC(C)CCCC(C)CCCC(C)C)C(=O)c2ccccc2C1=O,vitamine_K,1.0
Cc1ncc(CO)c(CO)c1O,PYRIDOXINE,0.0
CC[C@H](O)c1cn(-c2ccc(F)cc2)c2ccc(Cl)cc12,SERTINDOLE21,0.0
O=C(Cc1ccc(C(F)(F)F)cc1C(F)(F)F)N[C@@H]1N=C(c2ccccc2)c2ccccc2N(CC(F)(F)F)C1=O,L-768673,1.0
C[NH+]1CCCC[C@@H]1CCN1c2ccccc2Sc2ccc(S(C)=O)cc21,MESORIDAZINE,1.0
COc1ccc(CCN(C)CCCN(C(=O)c2ccc([N+](=O)[O-])cc2)c2ccc(OC)c(OC)c2)cc1OC,BRL-32872,1.0
N[C@H](CCCCO)C(=O)O,C(CCO)CC(C(=O)O)N,0.0
COC(=O)C1=C(C)NC(C)=C(C(=O)OC)C1c1ccccc1[N+](=O)[O-],NIFEDIPINE,0.0
Fc1ccc(-n2cc(C3CCNCC3)c3cc(Cl)ccc32)cc1,BMCL20031829_14,1.0
CCCc1cn(-c2ccc(F)cc2)c2ccc(Cl)cc12,SERTINDOLE16,0.0
CC[NH+](CC)CCOc1ccc(/C(=C(/Cl)c2ccccc2)c2ccccc2)cc1,CLOMIPHENE,1.0
CC1=NC2=[N+](CCCC2)C(=O)C1CC[NH+]1CCC(c2noc3cc(F)ccc23)CC1,RISPERIDONE,1.0
COc1ccc(CN2CCC(NC(=O)c3cc(=O)c4ccc(F)cc4o3)CC2)c(F)c1,JMC20066569-51,1.0
N=C(N)c1ccc(OCCCCCOc2ccc(C(=N)N)cc2)cc1,PENTAMIDINE,0.0
CN(C)CCCn1cc(C2=C(c3c[nH]c4ccccc34)C(=O)NC2=O)c2ccccc21,BISINDOLYLMALEIMIDE-I,1.0
Cc1cn(-c2cc(NC(=O)c3ccc(C)c(Nc4nccc(-c5cccnc5)n4)c3)cc(C(F)(F)F)c2)cn1,NILOTINIB,1.0
Clc1ccc(C(c2ccc(Cl)cc2)n2cc[n+](CC(OCc3ccc(Cl)cc3Cl)c3ccc(Cl)cc3Cl)c2)cc1,bekm-1,1.0
NC(=O)NOC[C@H]1NC(=O)NC1=O,,0.0
CC[C@@H](c1cccc(O)c1)[C@@H](C)CN(C)C,TAPENTADOL,1.0
Cc1cccc(CC[NH+]2CCC(C(=O)c3ccc(NS(C)(=O)=O)cc3)CC2)n1,E-4031,1.0
CCCC[NH+](CCCC)CC(O)c1cc(Cl)cc2c1-c1ccc(Cl)cc1/C2=C\c1ccc(Cl)cc1,lumefantrine,1.0
Nc1nnnn1CCO,C(CO)N1C(=NN=N1)N,0.0
C[NH+](C)CCCN1c2ccccc2CCc2ccccc21,IMIPRAMINE,1.0
O=C(NC1CCN(Cc2cccc(F)c2)CC1)c1cc(=O)c2ccc(F)cc2o1,JMC20066569-49,1.0
Fc1cccc2c([C@@H]3C[NH2+]CC[C@@H]3F)c(-c3ccccc3)[nH]c12,WOMBAT31,1.0
